Chord,Total_Count,billboard,ireal-pro,isophonics,nottingham,weimar-jazz,when-in-rome
G:maj,28469,7639,2503,73,13848,107,4299
D:maj,26828,7268,2270,103,12984,8,4195
C:maj,19001,7598,2478,89,3537,183,5116
A:maj,17497,7326,1616,39,4901,19,3596
F:maj,12063,5151,1785,37,978,163,3949
A:7,10799,952,2477,149,5300,491,1430
D:7,10593,1120,3234,166,3870,892,1311
E:maj,10520,5784,1570,8,643,0,2515
G:7,9100,1186,4086,201,477,1372,1778
Bb:maj,8914,4321,1235,53,381,149,2775
C:7,8502,1023,4249,106,242,1321,1561
A:min,8416,2039,1139,512,3109,39,1578
E:min,7748,1928,781,444,3577,4,1014
F:7,7067,987,3190,104,99,1706,981
Bb:7,7037,451,3516,78,3,1815,1174
Eb:maj,6527,2489,1283,40,104,150,2461
E:7,6403,1019,1957,121,1841,292,1173
N,6331,4793,643,545,109,241,0
G:min7,5959,896,3840,102,0,1051,70
D:min,5514,1891,958,273,566,72,1754
Ab:maj,5435,2941,964,61,10,143,1316
A:min7,5301,1167,3402,147,5,512,68
D:min7,5236,1038,3391,45,0,664,98
C:min7,4904,760,2856,51,0,1143,94
B:maj,4718,2832,789,10,114,2,971
Eb:7,4580,551,2135,49,0,1335,510
B:min,4547,1899,399,351,1147,2,749
F:min7,4479,504,2935,55,0,937,48
G:min,4271,1148,760,172,568,105,1518
C:min,3663,824,651,252,171,114,1651
B:7,3498,743,1290,70,303,204,888
E:min7,3428,1026,1987,57,2,278,78
Db:maj,3018,1707,533,19,0,85,674
F:maj7,2955,450,2052,51,0,379,23
F:min,2911,806,511,217,8,160,1209
Ab:7,2863,535,1307,12,0,771,238
Eb:maj7,2628,178,1913,5,0,478,54
Bb:min7,2510,429,1559,16,0,466,40
B:min7,2490,785,1476,48,4,118,59
F#:min,2331,809,450,313,256,5,498
C:maj7,2297,360,1651,22,0,248,16
Bb:maj7,2187,244,1432,16,0,456,39
Eb:min7,2043,543,1012,7,0,442,39
G:maj7,1892,317,1302,41,0,213,19
F#:maj,1838,980,256,1,101,2,498
A,1838,0,0,1838,0,0,0
Db:7,1806,465,926,4,0,373,38
C#:min,1755,831,342,183,34,3,362
Ab:maj7,1735,211,1189,13,0,291,31
F#:min7,1724,584,945,65,0,87,43
F:maj/3,1724,317,172,0,7,18,1210
G,1684,0,0,1684,0,0,0
Gb:maj,1672,1009,434,2,0,17,210
C:maj/3,1649,189,90,1,35,1,1333
G:maj/3,1627,162,223,1,132,1,1108
D:maj/3,1572,248,220,0,5,9,1090
D,1568,0,0,1568,0,0,0
F#:7,1412,386,455,11,72,53,435
D:maj7,1331,299,826,32,0,154,20
Bb:min,1270,389,263,81,0,58,479
A:maj/3,1262,205,86,0,0,0,971
D:maj/5,1234,636,126,0,46,0,426
Bb:maj/3,1195,96,213,0,12,0,874
F:maj6,1188,95,960,22,0,111,0
E,1140,0,0,1140,0,0,0
C,1139,0,0,1139,0,0,0
Db:maj7,1133,138,715,7,0,253,20
E:maj/3,1130,307,99,0,0,0,724
C:maj/5,1081,273,125,0,5,8,670
C#:min7,1073,426,575,9,0,43,20
D:min/b3,1065,134,54,28,6,0,843
C:maj6,1009,70,863,18,6,52,0
F:maj/5,1000,350,94,0,3,4,549
Eb:min,976,319,275,17,0,32,333
Eb:maj/3,936,40,84,0,0,9,803
Bb:maj6,884,95,639,11,0,139,0
A:maj/5,865,266,161,0,9,0,429
Eb:maj6,854,32,737,7,0,68,10
G:maj/5,839,218,139,2,39,2,439
G:min/b3,826,21,40,15,9,0,741
Gb:7,820,203,335,9,0,250,23
A:min/b3,820,50,43,33,23,0,671
A:hdim7,800,1,539,0,0,207,53
D:hdim7,762,46,450,0,0,205,61
C:min/b3,762,42,28,2,0,0,690
Ab:min7,758,145,492,2,0,111,8
Ab:maj/3,752,140,75,0,0,3,534
F:min/b3,709,14,19,18,0,9,649
E:hdim7,681,5,486,0,0,156,34
Eb:maj/5,661,123,54,0,0,2,482
A:maj7,656,146,446,2,0,60,2
Bb:maj/5,645,180,93,0,2,2,368
B:dim7,626,0,196,14,0,35,381
G:7/3,625,16,85,2,17,1,504
E:min/b3,625,57,22,21,12,0,513
C:7/3,623,39,73,9,0,7,495
G#:min,604,189,209,68,0,0,138
D:7(b9),598,3,574,0,0,0,21
E:7/3,597,23,47,4,0,0,523
F,593,0,0,593,0,0,0
A:7/3,592,12,75,9,0,0,496
D:min/5,592,181,8,21,5,0,377
E:maj7,590,102,406,15,0,56,11
G:hdim7,589,6,394,0,0,162,27
B:hdim7,571,5,465,0,0,67,34
E:maj/5,568,162,80,0,0,2,324
G:maj6,549,66,417,16,6,44,0
C:7(b9),543,2,530,1,0,0,10
E:min9,539,237,293,3,0,6,0
B,530,0,0,530,0,0,0
Gb:maj7,524,86,370,1,0,60,7
G#:min7,523,199,293,12,0,0,19
C#:maj,522,177,77,0,28,0,240
D:7/3,517,25,50,0,0,5,437
C:7/b7,517,9,58,2,0,0,448
B:maj7,513,93,340,6,0,70,4
C:sus4,511,350,96,8,0,57,0
G:7(b9),502,6,476,0,0,0,20
A:7(b9),497,13,461,0,0,0,23
C#:7,496,108,164,17,2,10,195
Ab:maj6,495,83,311,6,0,94,1
Ab:maj/5,484,94,69,0,0,0,321
G:5,481,481,0,0,0,0,0
F#:dim7,469,3,157,0,0,10,299
G:7/5,454,17,27,0,4,1,405
D:7/b7,443,23,93,0,5,0,322
G:7/b7,437,15,67,0,14,0,341
C:7/5,436,14,34,3,1,0,384
A:7/5,435,21,26,6,110,0,272
E:7/b7,417,20,80,2,0,0,315
D:5,416,416,0,0,0,0,0
A:5,414,414,0,0,0,0,0
Bb,411,0,0,411,0,0,0
C#:dim7,406,8,121,0,0,4,273
E:7(b9),403,27,367,1,0,0,8
G:min/5,396,37,20,34,18,0,287
Ab:min,394,113,120,33,0,7,121
Db:maj/3,392,34,56,0,0,1,301
E:1/1,389,389,0,0,0,0,0
D:maj6,389,142,161,78,2,6,0
C:min/5,386,5,28,12,2,0,339
A:7/b7,383,12,36,16,10,0,309
Bb:7/3,383,5,34,4,0,0,340
Bb:7/5,381,69,35,0,0,0,277
D:7/5,378,15,40,6,58,0,259
E:dim7,373,18,164,0,0,40,151
F#:hdim7,371,30,276,9,0,21,35
A:sus4(b7),357,137,218,2,0,0,0
B:maj/3,355,10,48,0,0,0,297
C:maj(9),353,266,79,6,0,0,2
G:sus4(b7),345,114,228,3,0,0,0
B:min/b3,343,14,1,7,1,0,320
G#:7,341,40,103,7,2,2,187
F:min/5,341,31,31,32,0,12,235
D:9,341,13,255,15,0,42,16
G:sus4,338,133,138,63,0,4,0
G:min6,337,23,227,0,0,87,0
D:sus4,333,174,136,23,0,0,0
G:maj(9),331,303,28,0,0,0,0
F:7/3,331,11,44,0,2,3,271
E:7/5,328,2,18,5,23,0,280
Bb:7/b7,324,0,32,0,0,1,291
Db:min7,321,91,119,0,0,109,2
F:min9,321,91,214,0,0,14,2
A:min/5,320,12,20,6,10,0,272
E:7(#9),316,165,148,3,0,0,0
Db:maj/5,312,145,28,0,0,4,135
F:min6,312,11,248,20,0,33,0
F:7/b7,303,3,41,2,0,7,250
D:sus4(b7),302,112,180,10,0,0,0
A:1/1,301,301,0,0,0,0,0
D#:min,299,140,100,10,0,0,49
C:5,298,298,0,0,0,0,0
C:maj9,297,117,179,1,0,0,0
D:min6,292,47,152,15,4,74,0
E:min/5,291,20,24,35,0,0,212
C:7(#9),284,132,152,0,0,0,0
G#:dim7,284,0,70,1,0,3,210
B:dim/b3,283,11,0,0,0,0,272
E:9,282,82,159,35,0,1,5
A:dim7,281,1,83,9,0,5,183
Ab:7(#9),280,274,6,0,0,0,0
B:7/5,279,21,26,0,0,0,232
A:9,278,39,197,9,0,3,30
A:min9,274,61,201,5,0,7,0
C:hdim7,274,19,166,0,0,64,25
E:dim,268,6,11,3,6,36,206
F#:min/b3,265,35,10,1,2,0,217
C:9,261,14,192,18,0,26,11
B:7(b9),260,18,224,0,0,0,18
D:1/1,259,259,0,0,0,0,0
G#:maj,258,107,13,0,25,0,113
B:dim,257,10,12,12,0,32,191
B:sus4(b7),256,127,129,0,0,0,0
Bb:sus4(b7),254,41,213,0,0,0,0
A:maj(9),251,119,131,1,0,0,0
Cb:maj,251,70,72,0,0,0,109
F:sus4(b7),249,65,184,0,0,0,0
B:7/3,249,12,23,0,0,0,214
Eb,248,0,0,248,0,0,0
Bb:min/b3,246,0,7,6,0,1,232
Eb:7(#9),244,183,61,0,0,0,0
F#:min9,244,17,222,5,0,0,0
A:maj6,241,128,90,21,0,2,0
C:sus4(b7),241,85,152,4,0,0,0
G:min9,239,26,186,8,0,19,0
E:dim/b3,239,0,6,1,0,0,232
D:maj/b3,236,1,0,0,235,0,0
D:maj9,235,41,169,25,0,0,0
C:min6,235,2,183,3,2,45,0
Ab,235,0,0,235,0,0,0
B:sus4,234,80,77,3,0,74,0
F:7/5,234,10,34,0,0,3,187
C#:min9,232,129,103,0,0,0,0
F:maj(9),230,197,25,8,0,0,0
Eb:maj9,230,63,167,0,0,0,0
A:sus4,229,109,87,33,0,0,0
Db:maj6,229,67,82,1,0,79,0
B:maj/5,229,55,30,0,0,0,144
F:7(b9),227,21,191,2,0,0,13
F#:dim,224,24,14,21,0,16,149
B:7/b7,223,8,29,0,0,0,186
Bb:min6,221,17,137,0,0,67,0
B:1/1,219,219,0,0,0,0,0
D:min7/b7,218,27,132,16,2,2,39
F:5,215,215,0,0,0,0,0
F#:7/3,214,8,8,2,0,0,196
F:sus4,210,153,50,0,0,7,0
Eb:7/3,207,14,14,5,0,0,174
A:min7/b7,207,49,135,0,3,0,20
Eb:7/b7,206,16,26,3,0,0,161
D/5,206,0,0,206,0,0,0
D:dim,204,17,4,5,0,37,141
F#:5,203,203,0,0,0,0,0
F:maj9,202,79,122,1,0,0,0
Ab:dim7,200,0,175,0,0,25,0
E:sus4,199,47,148,4,0,0,0
F:hdim7,198,12,104,0,0,75,7
B:9,194,41,121,23,0,3,6
"A:9(11,13)",194,0,194,0,0,0,0
D:maj(9),193,102,84,7,0,0,0
F#,193,0,0,193,0,0,0
F#:dim/b3,193,0,0,4,0,0,189
D#:dim7,191,0,31,9,0,0,151
G:maj(9)/9,191,0,191,0,0,0,0
E:(5),191,0,191,0,0,0,0
C#:dim/b3,191,0,0,5,0,0,186
Eb:min9,190,69,97,0,0,24,0
Eb:min/b3,189,18,34,0,0,0,137
D:dim/b3,189,0,0,0,0,0,189
"D:sus4(b7,9)",188,109,79,0,0,0,0
C#:dim,188,16,15,11,0,2,144
E:sus4(b7),185,83,94,8,0,0,0
F#:dim7/b5,181,0,0,0,0,0,181
A:dim,180,17,8,3,4,22,126
"G:sus4(b7,9)",180,139,41,0,0,0,0
G:9,179,36,93,17,0,16,17
Ab:1/1,178,178,0,0,0,0,0
G#:dim,177,9,15,0,0,6,147
B:min/5,174,27,8,16,0,0,123
F#:maj/3,173,29,29,0,0,0,115
Gb:maj6,172,74,98,0,0,0,0
G:1/1,171,171,0,0,0,0,0
Eb:7/5,170,31,5,0,0,0,134
A:dim/b3,169,4,0,1,0,0,164
C#:1/1,167,167,0,0,0,0,0
Eb:9,167,24,103,8,0,31,1
D:7(#9),167,20,117,30,0,0,0
B:dim7/b5,167,0,0,0,0,0,167
D#:7,166,23,76,4,0,23,40
Bb:sus4,165,48,66,1,0,50,0
A:min/b7,165,134,0,23,4,4,0
C#:min/b3,165,0,9,0,0,0,156
E:5,164,164,0,0,0,0,0
D:min9,164,37,111,8,0,8,0
E:min7/b7,164,0,102,17,2,0,43
A:11,163,163,0,0,0,0,0
"A:9(b13,11)",162,0,162,0,0,0,0
A:min6,159,30,122,3,0,4,0
F:9,158,38,90,7,0,16,7
B:5,158,158,0,0,0,0,0
D#:min7,158,50,92,0,0,4,12
G:dim7,158,18,73,4,0,5,58
Gb:min7,157,2,90,0,0,65,0
C#:hdim7,154,7,98,8,0,0,41
F:min7/b3,153,16,20,1,0,6,110
B:min9,151,24,127,0,0,0,0
"Bb:9(11,13)",151,0,151,0,0,0,0
D:maj/2,150,147,0,3,0,0,0
C:min9,148,40,92,2,0,10,4
Eb:sus4,148,91,53,2,0,1,1
Bb:9(#11),148,0,148,0,0,0,0
D:dim7,148,0,47,5,0,0,96
C:min7/b7,147,0,122,0,0,6,19
F:min7/5,146,99,32,0,0,0,15
Gb:maj/3,145,24,30,0,0,1,90
Bb:7(b9),144,15,117,0,0,0,12
E:min7/b3,143,6,49,7,0,0,81
"B:9(11,13)",143,0,143,0,0,0,0
Eb:dim7,142,0,137,0,0,5,0
Bb:1/1,141,141,0,0,0,0,0
G#:dim/b3,141,0,0,0,0,0,141
E:maj6,140,42,76,22,0,0,0
F:7(#9),140,84,56,0,0,0,0
"G:9(11,13)",139,0,139,0,0,0,0
Bb:9,138,20,95,0,0,12,11
"E:sus4(b7,9)",137,113,24,0,0,0,0
G:dim,136,10,7,11,6,27,75
G#:hdim7,135,8,60,11,0,14,42
"F:sus4(b7,9)",135,89,46,0,0,0,0
G:aug(b7),134,7,127,0,0,0,0
A:min/4,134,132,0,2,0,0,0
C:maj/4,134,133,0,0,0,1,0
Eb:min6,133,6,99,0,0,28,0
D:min9(11),133,0,133,0,0,0,0
C:maj/2,132,132,0,0,0,0,0
"D:(3,5,b7,b9)",132,0,0,0,0,132,0
C:1/1,131,131,0,0,0,0,0
Db,130,0,0,130,0,0,0
C#:dim7/b5,130,0,0,0,0,0,130
F#:sus4(b7),129,63,65,1,0,0,0
Ab:min6,127,20,102,0,0,5,0
D:min7/b3,127,25,13,1,0,3,85
A:min/6,127,113,0,14,0,0,0
F:maj(9)/9,127,0,120,7,0,0,0
Ab:sus4(b7),126,37,89,0,0,0,0
"A:sus4(b7,9)",126,109,17,0,0,0,0
Db:9(#11),126,0,126,0,0,0,0
"F:9(11,13)",126,0,126,0,0,0,0
"C:(3,5,b7,b9)",126,0,0,0,0,126,0
Eb:13,125,125,0,0,0,0,0
X,124,124,0,0,0,0,0
E:aug(b7),124,86,38,0,0,0,0
Bb:maj9,124,40,75,0,0,8,1
E:dim7/b5,124,0,0,0,0,0,124
"Eb:sus4(b7,9)",123,54,69,0,0,0,0
"G:9(b13,11)",122,0,122,0,0,0,0
Ab:7/5,121,6,31,2,0,0,82
Ab:9,120,54,36,0,0,27,3
Db:maj(9),119,84,35,0,0,0,0
"Ab:sus4(b7,9)",119,103,16,0,0,0,0
A#:dim7,119,4,17,0,0,0,98
C:maj6(9),118,31,87,0,0,0,0
G:maj/2,117,117,0,0,0,0,0
Db:9,117,3,107,0,0,6,1
F:maj/2,115,115,0,0,0,0,0
B:min/b7,115,99,0,6,10,0,0
Ab:9(#11),115,0,115,0,0,0,0
F:min7/b7,115,0,82,0,0,0,33
G/3,115,0,0,115,0,0,0
A:maj/2,114,114,0,0,0,0,0
Ab:maj(9)/9,114,0,114,0,0,0,0
Ab:7/b7,113,10,11,0,0,0,92
G#:dim7/b5,113,0,0,0,0,0,113
B:dim7/bb7,113,0,0,0,0,0,113
F#:sus4,112,39,21,52,0,0,0
D#:dim,112,11,10,4,0,3,84
Db:dim7,112,0,74,0,0,37,1
B:maj6,111,34,71,6,0,0,0
A:maj/b3,111,0,0,0,109,2,0
A:maj9,110,88,22,0,0,0,0
Bb:maj/2,110,110,0,0,0,0,0
B:min7/b7,109,41,45,0,0,0,23
A:7(#9),108,8,93,7,0,0,0
Ab:7/3,108,4,22,0,0,0,82
F:dim7,108,0,96,0,0,10,2
E:dim7/b3,108,0,0,3,0,0,105
Eb:7(b9),107,0,106,0,0,0,1
D:maj(9)/9,107,0,107,0,0,0,0
F#:1/1,106,106,0,0,0,0,0
E:min/b7,106,78,0,20,8,0,0
"F#:sus4(b7,9)",106,102,4,0,0,0,0
G:maj9,106,75,30,1,0,0,0
G:min7/b7,106,1,82,0,0,0,23
E:maj/b7,105,105,0,0,0,0,0
Ab:maj(9),105,59,41,3,0,0,2
Gb:dim7,105,0,99,0,0,6,0
Bb:maj9(#11),105,0,105,0,0,0,0
Eb:sus4(b7),104,27,77,0,0,0,0
C:min9(11),104,0,104,0,0,0,0
B:dim7/b3,104,0,0,0,0,0,104
F#:dim7/b3,104,0,0,0,0,0,104
B:9(#11),103,0,103,0,0,0,0
Gb:maj/5,102,54,12,0,0,0,36
Bb:dim7,101,0,88,0,0,7,6
Eb:maj6(9),100,8,92,0,0,0,0
G:9(#11),99,0,99,0,0,0,0
D#:dim/b3,99,0,0,0,0,0,99
Bb:aug(b7),98,7,85,0,0,0,6
Bb:min9,98,47,39,0,0,11,1
D#:maj,98,16,11,0,27,0,44
D:maj/b7,97,91,0,0,2,4,0
E:maj9,97,10,86,0,0,0,1
C#:dim7/b3,97,2,0,0,0,0,95
"Bb:sus4(b7,9)",96,72,24,0,0,0,0
Eb:min/5,96,25,7,0,0,0,64
Bb:maj(9)/9,96,0,85,11,0,0,0
A/3,96,0,0,96,0,0,0
F#:dim7/bb7,96,0,0,0,0,0,96
F#:min/5,95,12,6,15,0,0,62
C#:min/5,95,1,6,9,0,0,79
Eb:maj(9),94,24,70,0,0,0,0
C:9(#11),94,3,91,0,0,0,0
Eb:9(#11),93,0,93,0,0,0,0
F:(5),93,0,93,0,0,0,0
A:5(b7),92,92,0,0,0,0,0
Fb:maj,92,79,0,0,0,0,13
"Bb:(2,5)",92,0,92,0,0,0,0
"C:9(b13,11)",91,0,91,0,0,0,0
F#:7/5,90,7,9,0,0,0,74
G:(5),90,0,90,0,0,0,0
D:maj6(9),89,10,79,0,0,0,0
F:aug(b7),89,0,86,0,0,0,3
"B:sus4(b7,9)",88,81,7,0,0,0,0
F#:7/b7,88,1,10,0,0,0,77
D:hdim7/b3,88,2,0,0,0,0,86
Bb:min/5,88,8,2,1,0,0,77
"D:9(b13,11)",88,0,88,0,0,0,0
C:maj(9)/9,88,0,88,0,0,0,0
"Eb:(3,5,7,9,#11)",88,0,0,0,0,88,0
A:min7/b3,87,4,9,0,0,0,74
C:aug(b7),86,4,79,0,0,0,3
C/5,86,0,0,86,0,0,0
F#:7(b9),85,0,68,0,0,0,17
E:maj(4)/4,85,0,85,0,0,0,0
"C:sus4(b7,9)",84,65,19,0,0,0,0
Bb:hdim7,84,3,61,0,0,17,3
Ab:maj9,83,11,57,4,0,10,1
G:dim/b3,83,0,1,1,0,0,81
A:maj/4,82,82,0,0,0,0,0
F:aug,82,6,31,7,0,0,38
Eb:min11,82,82,0,0,0,0,0
C#:dim7/bb7,82,0,0,0,0,0,82
"E:(3,b5,b7,b9,b13)",81,0,44,0,0,37,0
Eb:1/1,80,80,0,0,0,0,0
G:min7/b3,80,0,19,0,0,0,61
E#:dim7,80,0,0,0,0,0,80
G#:7/b7,80,0,0,0,0,0,80
B:maj9,79,64,15,0,0,0,0
E:min9(11),77,0,77,0,0,0,0
D#:dim7/b3,77,0,0,0,0,0,77
Ab:min7/b7,76,0,76,0,0,0,0
"F:(4,5,b7,9,11,13)",76,0,0,0,0,76,0
A:dim7/b5,76,0,0,0,0,0,76
G#:dim7/b3,76,0,0,0,0,0,76
F:1/1,75,75,0,0,0,0,0
D:min7/5,75,47,10,0,0,0,18
Gb:maj9(#11),75,2,73,0,0,0,0
E:maj9(#11),75,0,75,0,0,0,0
C#:maj/3,75,0,0,0,0,0,75
E:maj6(9),74,42,32,0,0,0,0
D:aug(b7),74,0,73,0,0,0,1
C#,74,0,0,74,0,0,0
Db:min,73,28,7,2,0,4,32
Bb:5,73,73,0,0,0,0,0
E:hdim7/b3,73,2,0,0,0,0,71
Ab:min9,73,45,26,0,0,2,0
F:9(#11),73,1,72,0,0,0,0
D:9(#11),73,0,73,0,0,0,0
E:min7(4)/4,73,0,73,0,0,0,0
"G:(3,5,b7,b9)",73,0,0,0,0,73,0
G#:min/b3,72,0,0,0,0,0,72
A:sus2,71,58,0,13,0,0,0
Db:min9,71,40,31,0,0,0,0
F:maj7/3,71,25,26,0,0,8,12
"Gb:9(11,13)",71,0,71,0,0,0,0
C#:7/5,71,0,4,0,0,0,67
Bb:(5),71,0,71,0,0,0,0
Db:(5),71,0,71,0,0,0,0
"F:(4,5,b7)",71,0,0,0,0,71,0
D:maj/7,70,70,0,0,0,0,0
E:maj(9),70,0,70,0,0,0,0
B:maj(bb6)/bb6,70,0,70,0,0,0,0
Db:maj/2,69,69,0,0,0,0,0
C:maj9(#11),69,3,66,0,0,0,0
E:maj/2,68,68,0,0,0,0,0
C#:7(#9),68,7,61,0,0,0,0
D/3,68,0,0,68,0,0,0
D#:dim7/b5,68,0,0,0,0,0,68
G#:maj/5,67,56,0,0,0,0,11
G#:7/3,67,0,0,0,0,0,67
E:5(b7),66,66,0,0,0,0,0
F:maj9(#11),66,0,66,0,0,0,0
Gb:1/1,65,65,0,0,0,0,0
C:dim7,65,0,49,2,0,0,14
Cb:maj7,64,18,8,0,0,38,0
F#:aug(b7),64,32,32,0,0,0,0
B:min/4,64,61,0,3,0,0,0
A:13,64,64,0,0,0,0,0
"E:9(b13,11)",64,0,64,0,0,0,0
"E:sus4(b7,13,11,9)",64,0,64,0,0,0,0
"G:(3,#5,b7)",64,0,0,0,0,64,0
C#:7/3,64,0,0,0,0,0,64
Gb:min,63,32,14,3,0,5,9
Db:maj9(#11),63,1,62,0,0,0,0
D#:hdim7,63,0,32,5,0,0,26
A:maj(9)/9,63,0,63,0,0,0,0
Gb:maj(9)/9,63,0,63,0,0,0,0
G/5,63,0,0,63,0,0,0
A:dim7/b3,63,0,0,1,0,0,62
A#:dim,62,7,1,0,0,0,54
Bb:maj6(9),62,44,18,0,0,0,0
"D:9(11,13)",62,0,62,0,0,0,0
B:min9(11),62,0,62,0,0,0,0
F:min9(11),62,0,62,0,0,0,0
B#:dim7,62,0,0,0,0,0,62
Ab:maj/2,61,61,0,0,0,0,0
Bb:maj7/7,61,27,27,0,0,0,7
E:dim/b5,61,3,0,0,0,0,58
"Bb:(3,5,b7,b9)",61,0,0,0,0,61,0
Db:maj6(9),60,40,20,0,0,0,0
Ab:min/b3,59,2,13,0,0,0,44
Bb:minmaj7,59,2,57,0,0,0,0
Bb:maj(9),59,49,8,2,0,0,0
G:7(#9),59,3,56,0,0,0,0
Ab:maj7/7,59,3,50,0,0,0,6
B:7(#9),59,6,51,2,0,0,0
D#:7/5,59,0,44,0,0,0,15
"F#:(bb3,b5,bb7)/bb3",59,0,0,0,0,0,59
F#:maj6,58,55,3,0,0,0,0
A:maj7/7,58,19,35,0,0,0,4
F:maj7/5,58,0,47,0,0,0,11
Gb:maj/2,57,57,0,0,0,0,0
D:maj/4,57,55,0,0,2,0,0
Gb:9(#11),57,0,57,0,0,0,0
C#:7/b7,57,0,11,0,0,0,46
B:min7/b3,56,10,1,0,0,0,45
A:aug(b7),56,0,56,0,0,0,0
E:minmaj7(9),56,0,56,0,0,0,0
"G:(3,*5)",56,0,0,0,56,0,0
C:minmaj7,55,4,51,0,0,0,0
Ab:sus4,55,22,26,0,0,7,0
Bb:dim,55,15,9,4,0,26,1
F#:maj/5,55,13,6,0,0,0,36
Eb:maj9(#11),55,0,55,0,0,0,0
C#:min7/b7,55,0,47,0,0,0,8
G:maj(4)/4,55,0,55,0,0,0,0
A:(5),55,0,55,0,0,0,0
E:dim7/bb7,55,0,0,0,0,0,55
Db:sus4(b7),54,29,25,0,0,0,0
C#:7(b9),54,3,43,0,0,0,8
Db:maj9,54,21,32,1,0,0,0
C:maj7/5,54,0,46,0,0,0,8
D:(5),54,0,54,0,0,0,0
Bb:7(#9),53,19,34,0,0,0,0
C:aug,53,3,31,11,0,0,8
F:minmaj7,53,2,35,0,0,16,0
F#:maj7,53,0,50,0,0,3,0
F#:min/b7,52,52,0,0,0,0,0
B:maj9(#11),52,0,52,0,0,0,0
G:min6/5,52,0,52,0,0,0,0
F#:(5),52,0,52,0,0,0,0
C/3,52,0,0,52,0,0,0
D#:dim7/bb7,52,0,0,0,0,0,52
F#:min/4,51,51,0,0,0,0,0
C:min7/b3,51,5,7,0,0,0,39
A:9(#11),51,0,51,0,0,0,0
"Ab:9(11,13)",51,0,51,0,0,0,0
Eb:min7/b3,51,0,30,0,0,0,21
G#:min7/b3,51,0,44,1,0,0,6
F:dim,50,11,1,14,0,15,9
A:minmaj7,50,3,47,0,0,0,0
C:dim,50,15,11,0,4,3,17
D:min11,50,50,0,0,0,0,0
Ab:maj9(#11),50,0,50,0,0,0,0
Eb:maj(9)/9,50,0,50,0,0,0,0
G#:7/5,50,0,4,0,0,3,43
G:sus4(9),49,49,0,0,0,0,0
Eb:minmaj7,49,2,38,0,0,9,0
Ab:11,49,49,0,0,0,0,0
D#:dim/b5,49,10,0,2,0,0,37
Eb:min/b7,49,49,0,0,0,0,0
B:maj(9),49,8,41,0,0,0,0
Bb:min7/b7,49,3,24,0,0,0,22
G:maj/b7,48,48,0,0,0,0,0
Gb:maj9,48,14,20,0,0,14,0
A:min7/6,48,48,0,0,0,0,0
G:min9(11),48,0,48,0,0,0,0
"Bb:9(b13,11)",48,0,48,0,0,0,0
"A:(3,5,b7,b9)",48,0,0,0,0,48,0
C#:dim/b5,48,0,0,0,0,0,48
E:aug,47,7,12,17,1,0,10
A:min(11),47,47,0,0,0,0,0
Db:7/b7,47,3,19,0,0,0,25
D:min6/5,47,47,0,0,0,0,0
Db:7(#9),47,0,47,0,0,0,0
Bb/3,47,0,0,47,0,0,0
E:min7(11),46,46,0,0,0,0,0
Db:maj6/5,46,40,6,0,0,0,0
Bb:min7/b3,46,0,4,0,0,0,42
B:min7(4)/4,46,0,46,0,0,0,0
"C#:(bb3,b5,bb7)/bb3",46,0,0,0,0,0,46
D:dim7/b5,46,0,0,0,0,0,46
F#:9,45,4,14,11,0,0,16
G:minmaj7,45,1,37,2,0,5,0
E:min6,45,10,29,6,0,0,0
Bb:sus2,45,44,0,1,0,0,0
"A:(3,b5,b7,b9,b13)",45,0,31,0,0,14,0
D:aug,45,0,25,6,1,0,13
C:(5),45,0,45,0,0,0,0
Eb:(5),45,0,45,0,0,0,0
E/5,45,0,0,45,0,0,0
A:min(9),44,42,0,2,0,0,0
F:maj7/7,44,1,35,0,0,0,8
F:min7(4)/4,44,0,44,0,0,0,0
C:min7(4)/4,44,0,44,0,0,0,0
Eb:maj7/7,44,0,27,0,0,0,17
"C:sus4(b7,13,11,9)",44,0,44,0,0,0,0
D:(5)/9,44,0,44,0,0,0,0
G#,44,0,0,44,0,0,0
E#:dim7/b5,44,0,0,0,0,0,44
A#:dim7/bb7,44,0,0,0,0,0,44
F#:dim/b5,44,0,0,0,0,0,44
Eb:dim,43,10,2,6,0,24,1
A:min7/5,43,20,15,1,0,0,7
D:hdim7/b5,43,0,9,0,0,0,34
F/3,43,0,0,43,0,0,0
Gb,43,0,0,43,0,0,0
Eb/3,43,0,0,43,0,0,0
"F#:(bb3,b5)/bb3",43,0,0,0,0,0,43
G:11,42,42,0,0,0,0,0
Bb:maj7/3,42,2,35,0,0,0,5
Bb:maj/b7,42,41,0,0,0,1,0
Cb:maj(9),42,42,0,0,0,0,0
B:aug(b7),42,0,42,0,0,0,0
"B:aug(b7,#9)",42,0,42,0,0,0,0
Eb:maj6/6,42,0,42,0,0,0,0
C:min(b6)/b6,42,0,42,0,0,0,0
F#:min7/b3,42,0,0,0,0,0,42
Ab:7(b9),41,4,37,0,0,0,0
A:aug,41,4,5,24,0,0,8
Eb:maj7/5,41,2,38,0,0,0,1
Ab:hdim7,41,3,23,0,0,14,1
"Eb:9(11,13)",41,0,41,0,0,0,0
"E:9(11,13)",41,0,41,0,0,0,0
D:min7(4)/4,41,0,41,0,0,0,0
A#:min7,41,0,32,0,0,1,8
G/2,41,0,0,41,0,0,0
A#:dim/b3,41,0,0,0,0,0,41
D#:min/b3,41,0,0,0,0,0,41
A:dim/b5,40,4,0,2,0,0,34
C:sus2/2,40,40,0,0,0,0,0
Db:dim,40,19,1,4,0,16,0
E:maj/4,40,40,0,0,0,0,0
Eb:maj/4,40,40,0,0,0,0,0
D:maj9/9,40,0,40,0,0,0,0
B:maj/b7,39,39,0,0,0,0,0
F#:min11,39,39,0,0,0,0,0
Bb:maj6/5,39,24,15,0,0,0,0
D:maj7/2,39,39,0,0,0,0,0
D:minmaj7,39,7,30,0,0,2,0
A:maj/b7,39,38,0,0,0,1,0
Ab:dim,39,2,5,1,0,26,5
Db:7/3,39,16,7,0,0,0,16
G#:min9,39,10,29,0,0,0,0
E:maj(b3)/b3,39,0,39,0,0,0,0
Eb:min9(11),39,0,39,0,0,0,0
"F#:9(b13,11)",39,0,39,0,0,0,0
E:maj(9)/9,39,0,39,0,0,0,0
C/7,39,0,0,39,0,0,0
"F:(3,#5,b7)",39,0,0,0,4,35,0
A:dim7/bb7,39,0,0,0,0,0,39
A#:dim7/b5,39,0,0,0,0,0,39
D:sus2,38,38,0,0,0,0,0
C:maj9/3,38,38,0,0,0,0,0
F:maj6(9),38,11,27,0,0,0,0
E:7/b3,38,6,0,0,32,0,0
Eb:hdim7,38,0,34,0,0,3,1
Eb:maj7/3,38,0,32,0,0,0,6
Ab:aug(b7),38,0,37,0,0,0,1
Db:maj(4)/4,38,0,38,0,0,0,0
"E:(2,5)",38,0,38,0,0,0,0
D:maj7/3,37,13,19,0,0,0,5
Eb:5,37,37,0,0,0,0,0
Ab:13,37,37,0,0,0,0,0
F#:min7/b7,37,5,21,0,0,0,11
"G:(3,b5,b7,b9,b13)",37,0,18,0,0,19,0
"C:9(11,13)",37,0,37,0,0,0,0
G:min7(4)/4,37,0,37,0,0,0,0
Db:maj(9)/9,37,0,37,0,0,0,0
E:(5)/b9,37,0,37,0,0,0,0
D/b7,37,0,0,37,0,0,0
F/5,37,0,0,37,0,0,0
"Gb:(4,5,b7,9,11,13)",37,0,0,0,0,37,0
B:dim/b5,37,0,0,0,0,0,37
D:maj/6,36,36,0,0,0,0,0
B:maj/4,36,36,0,0,0,0,0
C#:min/b7,36,21,0,15,0,0,0
G:maj6(9),36,2,33,1,0,0,0
C:maj7/7,36,0,30,1,0,0,5
A:min9(11),36,0,36,0,0,0,0
Eb:min(9)/9,36,0,36,0,0,0,0
A#:min,36,0,22,0,0,0,14
F#:minmaj7(9),36,0,36,0,0,0,0
"Eb:(4,5,b7)",36,0,0,0,0,36,0
"Bb:(4,5,b7)",36,0,0,0,0,36,0
G:hdim7/b3,36,0,0,0,0,0,36
D:maj7/5,35,2,32,0,0,0,1
G:maj/4,35,35,0,0,0,0,0
G:aug,35,3,4,15,0,0,13
"B:9(b13,11)",35,0,35,0,0,0,0
Bb:maj7/5,35,0,32,1,0,0,2
Ab:aug,35,0,14,4,0,3,14
"F:(3,5,b7,b9)",35,0,0,0,0,35,0
"C:(3,5,b7,#9)",35,0,0,0,0,35,0
"G:(3,5,b7,9,11,13)",35,0,0,0,0,35,0
"C:(3,5,6,9)",35,0,0,0,0,35,0
G:maj7/3,34,3,2,26,0,0,3
Gb:maj6(9),34,22,12,0,0,0,0
G:min7/5,34,10,11,1,0,0,12
Bb:sus4(9),34,32,0,2,0,0,0
E:hdim7/b7,34,20,0,0,0,0,14
Eb:aug,34,10,4,12,0,0,8
"Bb:aug(b7,#9)",34,0,34,0,0,0,0
"C:sus4(b7,b9)",34,0,34,0,0,0,0
A#:7,34,0,5,0,0,0,29
A/5,34,0,0,34,0,0,0
"D#:(bb3,b5,bb7)/bb3",34,0,0,0,0,0,34
C:min/b7,33,1,0,1,0,31,0
G:maj(9)/3,33,16,17,0,0,0,0
Bb:maj/7,33,33,0,0,0,0,0
A:min7(4)/4,33,0,33,0,0,0,0
C:maj7/3,33,0,24,2,0,0,7
A:maj(4)/4,33,0,33,0,0,0,0
B:maj7/3,33,0,32,0,0,0,1
B/5,33,0,0,33,0,0,0
A:hdim7/b3,33,0,0,0,0,0,33
Eb:aug/3,33,0,0,0,0,0,33
D:dim7/b3,33,0,0,0,0,0,33
Ab:5,32,32,0,0,0,0,0
G:maj(9)/5,32,32,0,0,0,0,0
A:hdim7/b5,32,2,0,0,0,0,30
C#:9,32,9,23,0,0,0,0
D:11,32,32,0,0,0,0,0
Ab:min/5,32,9,2,0,0,0,21
E:maj(#9),32,32,0,0,0,0,0
E:hdim7/b5,32,0,14,0,0,0,18
Ab:maj6/6,32,0,32,0,0,0,0
B:maj(9)/9,32,0,32,0,0,0,0
E/4,32,0,0,32,0,0,0
"B:(bb3,b5,bb7)/bb3",32,0,0,0,0,0,32
C#:5,31,31,0,0,0,0,0
C#:sus4(b7),31,11,20,0,0,0,0
Bb:aug,31,10,6,1,0,0,14
Eb:maj6/5,31,1,28,0,0,2,0
E:sus4(9),31,31,0,0,0,0,0
F#:hdim7/b3,31,2,0,0,0,0,29
G:maj7/5,31,5,21,2,0,0,3
F:maj/4,31,31,0,0,0,0,0
F:min7/4,31,12,0,0,0,19,0
"C:9(13,#11)",31,14,17,0,0,0,0
Bb:min(4)/4,31,0,31,0,0,0,0
C:min(4)/4,31,0,31,0,0,0,0
F#:min9(11),31,0,31,0,0,0,0
Ab:min9(11),31,0,31,0,0,0,0
A:7(4)/4,31,0,31,0,0,0,0
G#:min7/b7,31,0,19,0,0,0,12
Cb:maj(9)/9,31,0,31,0,0,0,0
A:7/b3,31,0,0,0,31,0,0
"C:(3,#5,b7)",31,0,0,0,0,31,0
"D:(b3,5,b7,9,11)",31,0,0,0,0,31,0
Fb:maj/3,31,0,0,0,0,0,31
A#:dim7/b3,31,0,0,0,0,0,31
G#:min/5,31,0,0,0,0,0,31
G:dim/b5,31,0,0,0,0,0,31
G##:dim7/bb7,31,0,0,0,0,0,31
G:13,30,30,0,0,0,0,0
F#:maj/2,30,30,0,0,0,0,0
C:maj13,30,30,0,0,0,0,0
E:maj6/6,30,14,16,0,0,0,0
G:hdim7/b5,30,1,6,0,0,0,23
E:9(#11),30,0,30,0,0,0,0
"A:aug(b7,b9)",30,0,30,0,0,0,0
"Bb:sus4(b7,13,11,9)",30,0,30,0,0,0,0
G#:maj7,30,0,30,0,0,0,0
Eb:min(#1)/#1,30,0,30,0,0,0,0
E/3,30,0,0,30,0,0,0
"C:(3,*5)",30,0,0,0,30,0,0
E#:dim7/bb7,30,0,0,0,0,0,30
"E:(bb3,b5,bb7)/bb3",30,0,0,0,0,0,30
G#:maj/3,30,0,0,0,0,0,30
G#:dim7/bb7,30,0,0,0,0,0,30
"A:(3,b5,b7)",29,0,27,0,0,0,2
Eb:min7/5,29,0,26,0,0,0,3
"A:7(b13,b9,11)",29,0,29,0,0,0,0
"C#:(bb3,b5)/bb3",29,0,0,0,0,0,29
D:min/b7,28,14,0,10,0,4,0
B:min7/5,28,5,8,0,0,0,15
Bb:min/b7,28,26,0,2,0,0,0
"E:(b3,b7)/b7",28,28,0,0,0,0,0
"E:sus4(b7,9,13)",28,28,0,0,0,0,0
F:min6/5,28,17,2,9,0,0,0
"C:(3,b5,b7,b9,b13)",28,0,15,0,0,13,0
"A:9(13,#11)",28,0,28,0,0,0,0
Db:7(b9),28,0,24,0,0,0,4
E:(5)/9,28,0,28,0,0,0,0
C#:maj/5,28,0,0,0,0,0,28
Db:sus4,27,12,15,0,0,0,0
Bb:11,27,27,0,0,0,0,0
G:min7/2,27,27,0,0,0,0,0
C:7/6,27,27,0,0,0,0,0
F#:hdim7/b5,27,3,0,0,0,0,24
Cb:7,27,4,5,0,0,14,4
D:min/4,27,4,0,22,0,1,0
F:5(b7),27,27,0,0,0,0,0
G:maj9(#11),27,0,27,0,0,0,0
E:min6(9),27,0,27,0,0,0,0
"F:(3,b5,b7,b9,b13)",27,0,7,0,0,20,0
Ab:minmaj7,27,0,27,0,0,0,0
Cb:maj/3,27,0,1,0,0,0,26
B:hdim7/b3,27,0,0,2,0,0,25
"A:(3,5,b7,#9)",27,0,0,0,0,27,0
"G#:(bb3,b5,bb7)/bb3",27,0,0,0,0,0,27
Db:min/b3,27,0,0,0,0,0,27
"G#:(bb3,b5)/bb3",27,0,0,0,0,0,27
E#:dim,27,0,0,0,0,0,27
G#:7(b9),26,8,13,0,0,0,5
D:5(b7),26,26,0,0,0,0,0
A:maj/6,26,26,0,0,0,0,0
D:min13,26,26,0,0,0,0,0
A:maj(9)/3,26,20,0,6,0,0,0
A:7/4,26,26,0,0,0,0,0
C#:min9(11),26,0,26,0,0,0,0
A#:hdim7,26,0,14,0,0,0,12
B:maj7/7,26,0,23,0,0,2,1
Db:sus4/4,26,0,26,0,0,0,0
D:7/b3,26,0,0,0,26,0,0
"A:(b3,*5)",26,0,0,0,26,0,0
D:dim/b5,26,0,0,0,0,0,26
D:dim7/bb7,26,0,0,0,0,0,26
G:maj6/3,25,11,10,4,0,0,0
C:maj/b7,25,25,0,0,0,0,0
Eb:11,25,25,0,0,0,0,0
F:sus2,25,25,0,0,0,0,0
Cb:maj/5,25,6,10,0,0,0,9
F:9/5,25,25,0,0,0,0,0
G:min(b6),25,0,25,0,0,0,0
C:maj9/9,25,0,25,0,0,0,0
Eb:maj6/3,25,0,23,0,0,2,0
"Ab:sus4(b7,13,11,9)",25,0,25,0,0,0,0
G:maj6/5,25,0,10,14,0,1,0
A:minmaj7/7,25,0,25,0,0,0,0
"G:7(11,b9,13)",25,0,25,0,0,0,0
Eb:maj(4)/4,25,0,25,0,0,0,0
C#:hdim7/b3,25,0,0,0,0,0,25
"A#:(bb3,b5,bb7)/bb3",25,0,0,0,0,0,25
G#:dim/b5,25,0,0,0,0,0,25
B#:dim7/bb7,25,0,0,0,0,0,25
Db:1/1,24,24,0,0,0,0,0
A:maj6(9),24,6,18,0,0,0,0
C#:min7/b3,24,19,1,0,0,0,4
A:maj(9)/5,24,1,23,0,0,0,0
E:min7/5,24,10,12,0,0,0,2
D:min/2,24,2,0,22,0,0,0
"Ab:7(11,b9,13)",24,0,24,0,0,0,0
"B:(3,b5,b7,b9,b13)",24,0,23,0,0,1,0
"B:7(b13,b9,11)",24,0,24,0,0,0,0
E:maj7/7,24,0,17,0,0,1,6
A#:7/b7,24,0,13,0,0,0,11
Bb/2,24,0,0,24,0,0,0
B:hdim7/b5,24,0,0,0,0,0,24
E#:dim/b3,24,0,0,0,0,0,24
G:dim7/bb7,24,0,0,0,0,0,24
A:sus4/5,23,20,1,2,0,0,0
G:min7/4,23,23,0,0,0,0,0
Db:maj7/7,23,8,9,0,0,0,6
Db:maj(9)/5,23,23,0,0,0,0,0
C:maj6/5,23,1,21,1,0,0,0
F#:min6,23,3,19,1,0,0,0
F:maj9/9,23,0,23,0,0,0,0
"A:sus4(b7,13,11,9)",23,0,23,0,0,0,0
D:maj9(#11),23,0,23,0,0,0,0
Db:min6,23,0,20,0,0,3,0
F:maj6/6,23,0,23,0,0,0,0
C:min6/6,23,0,23,0,0,0,0
F#:7(#9),23,0,22,1,0,0,0
Bb:9(11),23,0,22,1,0,0,0
"C#:(b3,*5)",23,0,0,0,23,0,0
"E:(3,5,b7,b9)",23,0,0,0,0,23,0
"D:(4,5,b7)",23,0,0,0,0,23,0
A:hdim7/b7,23,0,0,0,0,0,23
D:hdim7/b7,23,0,0,0,0,0,23
B#:dim7/b5,23,0,0,0,0,0,23
"C#:sus4(b7,9)",22,20,2,0,0,0,0
Ab:maj/4,22,22,0,0,0,0,0
Gb:maj7/2,22,22,0,0,0,0,0
Ab:min11,22,22,0,0,0,0,0
"Eb:maj9(13,#11)",22,22,0,0,0,0,0
"F:9(b13,11)",22,0,22,0,0,0,0
"D:aug(b7,b9)",22,0,22,0,0,0,0
"Db:9(11,13)",22,0,22,0,0,0,0
"C:(3,b5,b7)/b5",22,0,15,0,0,0,7
"E:(3,b5,b7)",22,0,20,0,0,0,2
A:maj9/9,22,0,22,0,0,0,0
G:maj7/7,22,0,15,0,0,0,7
Gb:min6,22,0,20,0,0,2,0
Eb:maj9/7,22,0,22,0,0,0,0
C:(1),22,0,0,22,0,0,0
"C:(b3,5,6,9)",22,0,0,0,0,22,0
"Bb:(3,#5,b7)",22,0,0,0,0,22,0
F:aug/b3,22,0,0,0,0,22,0
B#:dim/b3,22,0,0,0,0,0,22
"E#:(bb3,b5,bb7)/bb3",22,0,0,0,0,0,22
F:min/b7,21,13,0,6,0,2,0
"Db:sus4(b7,9)",21,12,9,0,0,0,0
Eb:min(9),21,21,0,0,0,0,0
F:maj6/3,21,2,17,0,0,2,0
Eb:min7/b7,21,3,16,0,0,0,2
Bb:min7/5,21,0,9,0,0,0,12
"G:(3,b5,b7)",21,0,21,0,0,0,0
A:min(b6),21,0,21,0,0,0,0
C:maj9(#11)/3,21,0,21,0,0,0,0
D:min6/6,21,0,21,0,0,0,0
"Ab:(3,5,b7,9,#11)",21,0,0,0,0,21,0
Bb:aug/3,21,0,0,0,0,0,21
G:maj/6,20,20,0,0,0,0,0
A:(11),20,20,0,0,0,0,0
D:min7/4,20,10,0,10,0,0,0
Ab:min(b13),20,20,0,0,0,0,0
E:maj(11),20,20,0,0,0,0,0
C:maj(9)/3,20,10,10,0,0,0,0
C:maj6/3,20,2,18,0,0,0,0
G:sus4/5,20,11,8,1,0,0,0
Ab:maj6(9),20,4,16,0,0,0,0
Gb:7/5,20,14,0,0,0,0,6
B:minmaj7,20,0,20,0,0,0,0
Bb:min7(4)/4,20,0,20,0,0,0,0
"G:aug(b7,#9)",20,0,20,0,0,0,0
G:dim7/b3,20,0,3,0,0,0,17
"Gb:(2,5)/9",20,0,20,0,0,0,0
Db:(5)/5,20,0,20,0,0,0,0
G:minmaj7/b3,20,0,0,20,0,0,0
Eb/5,20,0,0,20,0,0,0
B:hdim7/b7,20,0,0,8,0,0,12
"G:(b3,*5)",20,0,0,0,20,0,0
"D:(b3,*5)",20,0,0,0,20,0,0
"B:(3,5,7,9,#11)",20,0,0,0,0,20,0
"B:(3,5,b7,9,#11)",20,0,0,0,0,20,0
"Eb:(3,5,b7,b9)",20,0,0,0,0,20,0
"C:(4,5,b7)",20,0,0,0,0,20,0
F##:dim7,20,0,0,0,0,0,20
Ab:maj/7,19,19,0,0,0,0,0
F:maj6/5,19,2,14,1,0,2,0
"G#:sus4(b7,9)",19,19,0,0,0,0,0
B:maj7(b1)/b1,19,0,19,0,0,0,0
"G:sus4(b7,13,11,9)",19,0,19,0,0,0,0
Ab:maj7/5,19,0,16,0,0,0,3
G:maj6/6,19,0,19,0,0,0,0
F:9(11),19,0,19,0,0,0,0
"D:(3,5,b7,#9)",19,0,0,0,0,19,0
E#:dim7/b3,19,0,0,0,0,0,19
G#:7(#9),18,16,2,0,0,0,0
A:min11,18,18,0,0,0,0,0
"C:sus4(b7,9,13)",18,18,0,0,0,0,0
G:maj(11),18,18,0,0,0,0,0
Db:11,18,18,0,0,0,0,0
Eb:maj13,18,18,0,0,0,0,0
"Bb:(3,b5,b7,b9,b13)",18,0,11,0,0,7,0
"Bb:7(11,b9,13)",18,0,18,0,0,0,0
"G:sus4(b7,b9)",18,0,18,0,0,0,0
C#:sus4,18,0,14,4,0,0,0
Gb:sus4(b7),18,0,18,0,0,0,0
Ab:9(11),18,0,18,0,0,0,0
B/7,18,0,0,18,0,0,0
C:min(*b3),18,0,0,18,0,0,0
F#:hdim7/b7,18,0,0,3,0,0,15
"Bb:(3,*5)",18,0,0,0,18,0,0
"Db:(3,5,b7,9,#11)",18,0,0,0,0,18,0
"G:(4,5,b7)",18,0,0,0,0,18,0
G:aug/b9,18,0,0,0,0,18,0
F:dim/b3,18,0,0,0,0,0,18
Ab:maj7/3,17,8,0,1,0,0,8
Db:7/5,17,2,3,0,0,0,12
B:aug,17,5,3,6,0,0,3
Cb:maj7(#11),17,17,0,0,0,0,0
F:min6/b3,17,2,13,2,0,0,0
A:maj9(#11),17,2,15,0,0,0,0
A#:maj,17,2,4,0,0,0,11
D:min/6,17,15,0,2,0,0,0
Ab:maj7/2,17,17,0,0,0,0,0
B:maj6/3,17,9,8,0,0,0,0
"Ab:(3,b5,b7,b9,b13)",17,0,8,0,0,9,0
"F#:9(11,13)",17,0,17,0,0,0,0
"C:7(#11,b9)",17,0,17,0,0,0,0
C#:hdim7/b5,17,0,2,0,0,0,15
"D:(3,b5,b7,b9,b13)",17,0,9,0,0,8,0
F:min6/6,17,0,17,0,0,0,0
"D:9(13,#11)",17,0,17,0,0,0,0
"Eb:(2,5)",17,0,17,0,0,0,0
E:7(6)/6,17,0,17,0,0,0,0
Eb:min(4)/4,17,0,17,0,0,0,0
B:(1),17,0,0,17,0,0,0
"Db:(4,5,b7)",17,0,0,0,0,17,0
D:aug/3,17,0,0,0,0,0,17
D#:min/5,17,0,0,0,0,0,17
A#:7/5,17,0,0,0,0,0,17
Db:maj/7,16,12,0,0,0,4,0
Eb:maj/b7,16,16,0,0,0,0,0
Gb:maj(9),16,11,5,0,0,0,0
Ab:7/4,16,16,0,0,0,0,0
F:5/6,16,16,0,0,0,0,0
C:11,16,16,0,0,0,0,0
C:maj/#4,16,16,0,0,0,0,0
C#:5(b13),16,16,0,0,0,0,0
E:11,16,16,0,0,0,0,0
Ab:(b7),16,16,0,0,0,0,0
C:maj/7,16,16,0,0,0,0,0
E:min(9),16,14,0,2,0,0,0
E:min11,16,16,0,0,0,0,0
B:maj/bb6,16,16,0,0,0,0,0
Ab:maj(9)/3,16,1,15,0,0,0,0
F#:11,16,16,0,0,0,0,0
A:maj7/5,16,2,12,2,0,0,0
Gb:9,16,0,14,0,0,1,1
D:7(b9)/3,16,0,16,0,0,0,0
F:maj(b6)/b6,16,0,16,0,0,0,0
F:minmaj7/7,16,0,16,0,0,0,0
"G:7(b13,b9,11)",16,0,16,0,0,0,0
C:min7/5,16,0,7,0,0,0,9
G#:min6,16,0,16,0,0,0,0
"C#:9(11,13)",16,0,16,0,0,0,0
A:min9/b7,16,0,16,0,0,0,0
B:min6,16,0,16,0,0,0,0
B:maj6/6,16,0,16,0,0,0,0
F:9/9,16,0,16,0,0,0,0
F:7(4)/4,16,0,16,0,0,0,0
D:maj9/5,16,0,16,0,0,0,0
D/2,16,0,0,16,0,0,0
"C:(b3,*5)",16,0,0,0,16,0,0
"F:(3,5,6,9)",16,0,0,0,0,16,0
"A#:(bb3,b5)/bb3",16,0,0,0,0,0,16
C:dim/b3,16,0,0,0,0,0,16
"D#:(bb3,b5)/bb3",16,0,0,0,0,0,16
"A:(bb3,b5,bb7)/bb3",16,0,0,0,0,0,16
E:min(*1)/5,16,0,0,0,0,0,16
"F##:(bb3,b5,bb7)/bb3",16,0,0,0,0,0,16
G#:sus4(b7),15,4,11,0,0,0,0
B:min7/4,15,13,0,2,0,0,0
F:min(9),15,15,0,0,0,0,0
F:sus4(9),15,15,0,0,0,0,0
B:maj6(b7),15,15,0,0,0,0,0
A:min(4)/4,15,0,15,0,0,0,0
"A:7(11,b9,13)",15,0,15,0,0,0,0
F#:9(#11),15,0,15,0,0,0,0
Bb:maj9/9,15,0,15,0,0,0,0
"Bb:(3,b5,b7,b9)",15,0,15,0,0,0,0
"D:(3,b5,b7)",15,0,14,0,0,0,1
Db:maj7/5,15,0,9,0,0,0,6
Eb:min7(4)/4,15,0,15,0,0,0,0
G#:min9(11),15,0,15,0,0,0,0
C#:maj7,15,0,11,0,0,4,0
"D:7(11,b9,13)",15,0,15,0,0,0,0
"Bb:9(13,#11)",15,0,15,0,0,0,0
D/7,15,0,0,15,0,0,0
"B:(3,#5,b7)",15,0,0,0,0,15,0
"C:(3,5,b7,9,11,13)",15,0,0,0,0,15,0
"F:(b3,5,b7,9,11)",15,0,0,0,0,15,0
"G:(3,5,b7,#9)",15,0,0,0,0,15,0
"G:(b3,5,b7,9,11)",15,0,0,0,0,15,0
C:hdim7/b5,15,0,0,0,0,0,15
Bbb:maj/3,15,0,0,0,0,0,15
B#:dim7/b3,15,0,0,0,0,0,15
Bb:7(#11),14,14,0,0,0,0,0
C#:min(9),14,14,0,0,0,0,0
Eb:min7(11),14,14,0,0,0,0,0
F:maj6/2,14,14,0,0,0,0,0
B:13,14,14,0,0,0,0,0
Eb:min7(b13),14,14,0,0,0,0,0
C#:min(b13),14,14,0,0,0,0,0
Bb:sus4(b7)/b7,14,14,0,0,0,0,0
B:maj/b6,14,8,0,0,0,6,0
F:min7/2,14,14,0,0,0,0,0
G:min7(11),14,14,0,0,0,0,0
"C:aug(b7,#9)",14,0,14,0,0,0,0
Ab:maj9/9,14,0,14,0,0,0,0
"C:aug(b7,b9)",14,0,14,0,0,0,0
Eb:aug(b7),14,0,12,0,0,0,2
"D:aug(b7,#9)",14,0,14,0,0,0,0
"Ab:9(13,#11)",14,0,14,0,0,0,0
"Gb:9(13,#11)",14,0,14,0,0,0,0
D:sus4/5,14,0,2,12,0,0,0
A/b7,14,0,0,14,0,0,0
"A:(3,*5)/3",14,0,0,0,14,0,0
"G:(3,*5)/3",14,0,0,0,14,0,0
"B:(3,5,b7,b9)",14,0,0,0,0,14,0
"Eb:(3,5,b7,9,#11)",14,0,0,0,0,14,0
"A:(3,#5,b7)",14,0,0,0,0,14,0
"Ab:(4,5,b7)",14,0,0,0,0,14,0
"C:(b3,5,b7,9,11)",14,0,0,0,0,14,0
"F:(3,5,b7,#9)",14,0,0,0,0,14,0
C:aug/3,14,0,0,0,0,0,14
C:hdim7/b7,14,0,0,0,0,0,14
A#:dim/b5,14,0,0,0,0,0,14
Bbb:maj,14,0,0,0,0,0,14
G:dim7/b5,14,0,0,0,0,0,14
C:sus4(9),13,13,0,0,0,0,0
C:maj/6,13,13,0,0,0,0,0
G:maj13,13,13,0,0,0,0,0
Gb:sus2,13,13,0,0,0,0,0
"E:(b3,b7,11,9)",13,13,0,0,0,0,0
A:sus2(b7),13,13,0,0,0,0,0
E:sus2(b7),13,12,0,1,0,0,0
G:7/6,13,13,0,0,0,0,0
D#:sus4(b7),13,13,0,0,0,0,0
D:aug(7),13,0,12,0,0,0,1
"A:aug(b7,#9)",13,0,13,0,0,0,0
"Bb:(3,b5,b7)",13,0,13,0,0,0,0
"B:sus4(b7,13,11,9)",13,0,13,0,0,0,0
A:sus4(b7)/b7,13,0,13,0,0,0,0
A:7(b3)/b3,13,0,13,0,0,0,0
C:min6(9),13,0,13,0,0,0,0
G:(1),13,0,0,13,0,0,0
B/3,13,0,0,13,0,0,0
Db/5,13,0,0,13,0,0,0
"B:(b3,*5)",13,0,0,0,12,0,1
"D:(3,5,b7,9,#11)",13,0,0,0,0,13,0
"Gb:(3,5,b7,9,#11)",13,0,0,0,0,13,0
"Bb:(3,5,b7,9,11,13)",13,0,0,0,0,13,0
Ab:aug/3,13,0,0,0,0,0,13
G:sus4(b7)/4,12,12,0,0,0,0,0
Gb:5,12,12,0,0,0,0,0
F:maj/6,12,12,0,0,0,0,0
E:maj/7,12,12,0,0,0,0,0
C:sus2,12,12,0,0,0,0,0
A:min/b6,12,12,0,0,0,0,0
"C#:(b3,b7,11,9)",12,12,0,0,0,0,0
D:maj(#9),12,12,0,0,0,0,0
C:(11),12,12,0,0,0,0,0
C:min11,12,12,0,0,0,0,0
"Ab:7(b9,b13)",12,12,0,0,0,0,0
D:min9/5,12,10,2,0,0,0,0
E:minmaj7/5,12,12,0,0,0,0,0
Eb:maj/6,12,8,0,0,0,4,0
A:7(#11),12,12,0,0,0,0,0
Db:7(#11),12,12,0,0,0,0,0
D:maj(9)/3,12,2,10,0,0,0,0
B:min(11),12,12,0,0,0,0,0
B:min/6,12,6,0,6,0,0,0
F#:minmaj7,12,4,4,4,0,0,0
A:maj7(#11),12,12,0,0,0,0,0
Eb:hdim7/b7,12,6,4,0,0,0,2
C:maj(#11),12,9,0,3,0,0,0
E:7(b9)/3,12,0,12,0,0,0,0
Bb:aug(7),12,0,7,0,0,0,5
"E:7(11,b9,13)",12,0,12,0,0,0,0
"B:(3,b5,b7)",12,0,12,0,0,0,0
C:9/5,12,0,12,0,0,0,0
"G:aug(b7,b9)",12,0,12,0,0,0,0
E:7(b9)/5,12,0,12,0,0,0,0
Gb:min9,12,0,12,0,0,0,0
"F:7(11,b9,13)",12,0,12,0,0,0,0
Eb:dim7(7)/7,12,0,12,0,0,0,0
D:sus4/4,12,0,12,0,0,0,0
"A:(2,5)/6",12,0,12,0,0,0,0
"A:(2,5)/5",12,0,12,0,0,0,0
"E:(2,5)/5",12,0,12,0,0,0,0
B:7(4)/4,12,0,12,0,0,0,0
A:min6(b7)/6,12,0,12,0,0,0,0
"F:9(13,#11)",12,0,12,0,0,0,0
C:hdim7/b3,12,0,3,0,0,0,9
A:maj/9,12,0,0,10,0,2,0
G:min/b7,12,0,0,6,0,6,0
B/6,12,0,0,12,0,0,0
Bb:min7/4,12,0,0,1,0,11,0
"A:(3,*5,b7)/b7",12,0,0,0,12,0,0
"Bb:(3,5,b7,b9,11,b13)",12,0,0,0,0,12,0
"E:(3,5,7,9,#11)",12,0,0,0,0,12,0
"F:(b3,5,6,9)",12,0,0,0,0,12,0
Ab:min6/5,12,0,0,0,0,12,0
D#:maj/3,12,0,0,0,0,0,12
"E:(*3,5,9)/5",12,0,0,0,0,0,12
"F#:(3,b5,b7)/b5",12,0,0,0,0,0,12
"B:(bb3,b5)/bb3",12,0,0,0,0,0,12
E#:dim/b5,12,0,0,0,0,0,12
C:dim/b5,12,0,0,0,0,0,12
C##:dim7/b5,12,0,0,0,0,0,12
F:hdim7/b3,12,0,0,0,0,0,12
Ab:sus2,11,11,0,0,0,0,0
Eb:7(b13),11,11,0,0,0,0,0
Bb:maj(9)/3,11,9,2,0,0,0,0
Db:5,11,11,0,0,0,0,0
Ab:min7/4,11,11,0,0,0,0,0
F:11,11,11,0,0,0,0,0
D:min(9),11,10,0,0,0,0,1
G:9/3,11,11,0,0,0,0,0
Eb:min6/5,11,1,10,0,0,0,0
A:maj9/3,11,3,8,0,0,0,0
A:5(b7)/3,11,11,0,0,0,0,0
B:sus4/b7,11,11,0,0,0,0,0
F:hdim7/b7,11,3,0,0,0,0,8
"F#:(3,b5,b7,b9,b13)",11,0,11,0,0,0,0
Db:maj7/3,11,0,5,0,0,0,6
F:maj(4)/4,11,0,11,0,0,0,0
D#:7(b9),11,0,9,0,0,0,2
Ab:min7(4)/4,11,0,11,0,0,0,0
D:maj6/5,11,0,5,6,0,0,0
Gb:maj6/6,11,0,11,0,0,0,0
Bb/5,11,0,0,11,0,0,0
"F#:(b3,*5)/b3",11,0,0,0,11,0,0
D#:hdim7/b7,11,0,0,0,0,0,11
"B#:(bb3,b5,bb7)/bb3",11,0,0,0,0,0,11
C#:hdim7/b7,11,0,0,0,0,0,11
F##:dim7/bb7,11,0,0,0,0,0,11
E:aug/3,11,0,0,0,0,0,11
C##:dim/b3,11,0,0,0,0,0,11
C##:dim7,11,0,0,0,0,0,11
A#:7/3,11,0,0,0,0,0,11
D#:hdim7/b3,11,0,0,0,0,0,11
F:min/4,10,10,0,0,0,0,0
E:sus2,10,10,0,0,0,0,0
G:min/4,10,6,0,4,0,0,0
A:maj/7,10,10,0,0,0,0,0
Bb:sus4(9)/7,10,10,0,0,0,0,0
Db:hdim7,10,8,1,0,0,1,0
F#:maj(11),10,10,0,0,0,0,0
Db:aug,10,3,0,0,0,0,7
D:maj6(9)/5,10,10,0,0,0,0,0
G:5/5,10,10,0,0,0,0,0
C:(3)/2,10,10,0,0,0,0,0
"A:(b5,b7,3)",10,10,0,0,0,0,0
Gb:dim,10,5,1,0,0,4,0
C:5/5,10,10,0,0,0,0,0
F#:maj/6,10,10,0,0,0,0,0
Eb:maj7(#11),10,10,0,0,0,0,0
A:5(b7)/2,10,10,0,0,0,0,0
C:maj(11),10,10,0,0,0,0,0
C:min(b6),10,0,10,0,0,0,0
A:maj7(b5)/b5,10,0,10,0,0,0,0
"Ab:(3,b5,b7)",10,0,10,0,0,0,0
E:min6/6,10,0,6,4,0,0,0
"B:9(13,#11)",10,0,10,0,0,0,0
E:minmaj7,10,0,10,0,0,0,0
C#:min6,10,0,10,0,0,0,0
Gb:min9(11),10,0,10,0,0,0,0
D:min(4)/4,10,0,10,0,0,0,0
C#:maj7/5,10,0,10,0,0,0,0
"Ab:maj9(11,13)",10,0,10,0,0,0,0
A:min6/6,10,0,10,0,0,0,0
B:9(11),10,0,10,0,0,0,0
D#:minmaj7,10,0,10,0,0,0,0
A:min(9)/9,10,0,10,0,0,0,0
Ab:maj(4)/4,10,0,10,0,0,0,0
"F:maj9(11,13)",10,0,10,0,0,0,0
E:7(b6)/b6,10,0,10,0,0,0,0
D:(5)/5,10,0,10,0,0,0,0
B:(5),10,0,9,1,0,0,0
G#:min(4)/4,10,0,10,0,0,0,0
C#:min(b6),10,0,10,0,0,0,0
Bb:maj9(#11)/7,10,0,10,0,0,0,0
F:maj(9)/3,10,0,10,0,0,0,0
D/6,10,0,0,10,0,0,0
A/2,10,0,0,10,0,0,0
F#/5,10,0,0,10,0,0,0
Ab/5,10,0,0,10,0,0,0
Db:maj6/2,10,0,0,10,0,0,0
"A:(b3,*5)/b3",10,0,0,0,10,0,0
"D:(3,*5)",10,0,0,0,10,0,0
"Db:(3,5,b7,b9)",10,0,0,0,0,10,0
"G:(3,5,b7,b9)/3",10,0,0,0,0,10,0
"A:(4,5,b7)",10,0,0,0,0,10,0
D#:7/3,10,0,0,0,0,0,10
Bb:aug/#5,10,0,0,0,0,0,10
"E#:(bb3,b5)/bb3",10,0,0,0,0,0,10
"B#:(bb3,b5)/bb3",10,0,0,0,0,0,10
C:min6/b3,9,5,3,0,0,1,0
G:maj7/2,9,9,0,0,0,0,0
F#:maj(9),9,2,6,1,0,0,0
"C:(3,b5,b7)",9,0,9,0,0,0,0
Db:minmaj7,9,0,9,0,0,0,0
B:maj(4)/4,9,0,9,0,0,0,0
C#:aug(b7),9,0,9,0,0,0,0
"C:(3,b5,b7,b9)",9,0,9,0,0,0,0
G:maj(b9)/b9,9,0,9,0,0,0,0
"E:aug(b7,b9)",9,0,9,0,0,0,0
B:maj7/5,9,0,9,0,0,0,0
G#:aug(b7),9,0,9,0,0,0,0
"F#:aug(b7,#9)",9,0,9,0,0,0,0
Gb:maj7/5,9,0,9,0,0,0,0
B:maj6(9),9,0,9,0,0,0,0
"G#:9(b13,11)",9,0,9,0,0,0,0
"G:aug(b7,9)",9,0,9,0,0,0,0
G#:(5),9,0,9,0,0,0,0
G#:aug,9,0,2,7,0,0,0
F:min9(4)/4,9,0,9,0,0,0,0
E:min(4)/4,9,0,9,0,0,0,0
"D:(b3,#5)",9,0,9,0,0,0,0
Eb:min6(4)/4,9,0,9,0,0,0,0
G:maj7(b6)/b6,9,0,9,0,0,0,0
E/7,9,0,0,9,0,0,0
A:(1),9,0,0,9,0,0,0
E:(1),9,0,0,9,0,0,0
"G:(1,5)",9,0,0,9,0,0,0
Ab/7,9,0,0,9,0,0,0
"A:(1,5)",9,0,0,9,0,0,0
G:maj6/2,9,0,0,9,0,0,0
"E:(*3,5)/5",9,0,0,0,8,0,1
B:7/b5,9,0,0,0,9,0,0
D:maj/b9,9,0,0,0,0,9,0
"Eb:(3,5,b7,#9)",9,0,0,0,0,9,0
"Bb:(3,5,b7,#9)",9,0,0,0,0,9,0
"D:(3,#5,b7)",9,0,0,0,0,9,0
"A:(3,5,b7,9,11,b13)",9,0,0,0,0,9,0
"E:(b3,5,b7,9,11)",9,0,0,0,0,9,0
"Eb:(4,5,b7,9,11,13)",9,0,0,0,0,9,0
Eb:aug/#5,9,0,0,0,0,0,9
C:dim7/b3,9,0,0,0,0,0,9
F:aug/3,9,0,0,0,0,0,9
F##:dim7/b5,9,0,0,0,0,0,9
F:hdim7/b5,9,0,0,0,0,0,9
"G#:(bb3,b5,bb7)",9,0,0,0,0,0,9
"A:sus4(b7,9,13)",8,8,0,0,0,0,0
Db:maj/b7,8,8,0,0,0,0,0
F#:maj(9)/3,8,1,7,0,0,0,0
C:13,8,8,0,0,0,0,0
Eb:maj/7,8,8,0,0,0,0,0
G#:maj/b2,8,8,0,0,0,0,0
D:(11),8,8,0,0,0,0,0
A:maj6/5,8,8,0,0,0,0,0
Gb:(b7),8,8,0,0,0,0,0
Cb:9,8,2,6,0,0,0,0
G#:sus4,8,4,4,0,0,0,0
E:min(b13),8,8,0,0,0,0,0
D:maj6/2,8,8,0,0,0,0,0
C:min(9),8,6,0,2,0,0,0
A:5/4,8,8,0,0,0,0,0
Ab:maj6/5,8,4,4,0,0,0,0
F:sus4/5,8,8,0,0,0,0,0
G#:min(11),8,8,0,0,0,0,0
C#:5(b7),8,8,0,0,0,0,0
D:sus4(b7)/5,8,8,0,0,0,0,0
Db:maj(11),8,8,0,0,0,0,0
A:5(b7)/b7,8,8,0,0,0,0,0
Bb:min11,8,8,0,0,0,0,0
Ab:sus4/5,8,8,0,0,0,0,0
C#:maj/b4,8,8,0,0,0,0,0
E:sus4/2,8,8,0,0,0,0,0
B:aug(b7)/3,8,5,0,0,0,0,3
G:5/4,8,8,0,0,0,0,0
"Bb:sus4(b7,b13,11)",8,0,8,0,0,0,0
C:aug(7),8,0,7,0,0,0,1
"F:aug(b7,#9)",8,0,8,0,0,0,0
"Bb:sus4(b7,b9)",8,0,8,0,0,0,0
Ab:dim7(5)/5,8,0,8,0,0,0,0
Bb:maj6/3,8,0,8,0,0,0,0
"C#:(3,b5,b7,b9,b13)",8,0,8,0,0,0,0
"B:(3,b5,b7,9)",8,0,8,0,0,0,0
"B:7(11,b9,13)",8,0,8,0,0,0,0
A:maj7/3,8,0,6,0,0,0,2
Bb:min9(11),8,0,8,0,0,0,0
A:7(b9)/b9,8,0,8,0,0,0,0
Bb:min(b6),8,0,8,0,0,0,0
D:min6(9),8,0,8,0,0,0,0
F:sus4(6)/6,8,0,8,0,0,0,0
C#:min9/5,8,0,8,0,0,0,0
"F#:9(13,#11)",8,0,8,0,0,0,0
"F#:aug(b7,b9)",8,0,8,0,0,0,0
E:min9/b7,8,0,8,0,0,0,0
"F:sus4(b7,13,11,9)",8,0,8,0,0,0,0
G:aug(6)/6,8,0,8,0,0,0,0
B:min6/5,8,0,8,0,0,0,0
"E:aug(b7,#9)",8,0,8,0,0,0,0
Bb:maj6/6,8,0,8,0,0,0,0
E:maj(b5)/b5,8,0,8,0,0,0,0
Gb:aug,8,0,6,0,0,0,2
"E:maj9(11,13)",8,0,8,0,0,0,0
G:maj(2)/3,8,0,8,0,0,0,0
C:maj(2)/3,8,0,8,0,0,0,0
Db:maj6/6,8,0,8,0,0,0,0
"B:7(#11,b9)",8,0,8,0,0,0,0
"Ab:(2,5)",8,0,8,0,0,0,0
Bb:min6/b3,8,0,8,0,0,0,0
"F#:(3,b5,b7)",8,0,7,0,0,0,1
C#:min7/5,8,0,6,0,0,0,2
C#:(5),8,0,8,0,0,0,0
"B:maj9(11,13)",8,0,8,0,0,0,0
Cb:maj9/9,8,0,8,0,0,0,0
"Eb:sus4(b7,13,11,9)",8,0,8,0,0,0,0
F:min6(9),8,0,8,0,0,0,0
Gb:maj7/7,8,0,6,0,0,0,2
Eb:9(#9)/9,8,0,8,0,0,0,0
D#:maj9(b5)/b5,8,0,8,0,0,0,0
G:minmaj7/7,8,0,8,0,0,0,0
D:dim7(b1)/b1,8,0,8,0,0,0,0
G:hdim7/b7,8,0,2,0,0,0,6
D:min7(4)/b7,8,0,0,8,0,0,0
F/6,8,0,0,8,0,0,0
F#:aug,8,0,0,3,0,0,5
G:min(9),8,0,0,8,0,0,0
C/b7,8,0,0,8,0,0,0
Ab/2,8,0,0,8,0,0,0
"F#:(*3,b5)/b5",8,0,0,0,6,0,2
Db:min7/4,8,0,0,0,0,8,0
"Ab:(3,5,b7,#9)",8,0,0,0,0,8,0
"E:(3,5,b7,#9)",8,0,0,0,0,8,0
"F:(3,5,b7,9,11,13)",8,0,0,0,0,8,0
"Gb:(3,5,b7,9,11,13)",8,0,0,0,0,8,0
"C:(b3,5,7,9,11,13)",8,0,0,0,0,8,0
"C:(b3,5,7,9,#11)",8,0,0,0,0,8,0
"B:(3,#5,7,9)",8,0,0,0,0,8,0
"Bb:(b3,5,b7,9,11,13)",8,0,0,0,0,8,0
"G:(b3,5,6,9)",8,0,0,0,0,8,0
G:aug/3,8,0,0,0,0,0,8
"B:(*3,5,b7)",8,0,0,0,0,0,8
"B:(bb3,b5,bb7)",8,0,0,0,0,0,8
Bb:dim/b3,8,0,0,0,0,0,8
D#:7/b7,8,0,0,0,0,0,8
"F:(3,b5,b7)/b5",8,0,0,0,0,0,8
A#:hdim7/b7,8,0,0,0,0,0,8
"C#:(3,b5,b7)/b5",8,0,0,0,0,0,8
F:dim/b5,8,0,0,0,0,0,8
F:maj(9)/5,7,5,0,2,0,0,0
E:maj7/5,7,2,5,0,0,0,0
A:sus4(9),7,7,0,0,0,0,0
D:maj6/3,7,7,0,0,0,0,0
B:dim/b7,7,7,0,0,0,0,0
C#:7(b9)/3,7,7,0,0,0,0,0
D:sus2(b7),7,7,0,0,0,0,0
C:sus4/4,7,6,0,1,0,0,0
Bb:hdim7/b5,7,5,0,0,0,0,2
G:maj6/b5,7,7,0,0,0,0,0
A:5/6,7,7,0,0,0,0,0
B:5/5,7,7,0,0,0,0,0
Gb:maj13,7,7,0,0,0,0,0
G#:1/1,7,7,0,0,0,0,0
"Db:(3,b5,b7,b9,b13)",7,0,4,0,0,3,0
D:min(b6),7,0,7,0,0,0,0
"Eb:aug(b7,#9)",7,0,7,0,0,0,0
"A:(3,b5,b7,b9)",7,0,7,0,0,0,0
Gb:hdim7,7,0,5,0,0,2,0
A:maj(b6)/b6,7,0,7,0,0,0,0
"C:7(11,b9,13)",7,0,7,0,0,0,0
Bb:hdim7/b7,7,0,2,0,0,0,5
E:minmaj7/7,7,0,7,0,0,0,0
"E:9(13,#11)",7,0,7,0,0,0,0
"Ab:aug(b7,b9)",7,0,7,0,0,0,0
C:maj9(#11)/7,7,0,7,0,0,0,0
"G:9(13,#11)",7,0,7,0,0,0,0
C:maj7(#5)/5,7,0,7,0,0,0,0
D:maj6/6,7,0,7,0,0,0,0
D#:sus4,7,0,7,0,0,0,0
C:min(9)/9,7,0,7,0,0,0,0
"F#:(2,5)",7,0,7,0,0,0,0
D#:aug,7,0,2,5,0,0,0
Bb:min6(4)/4,7,0,7,0,0,0,0
C:9(*3),7,0,0,7,0,0,0
D:maj(2),7,0,0,7,0,0,0
"F#:(1,5)",7,0,0,7,0,0,0
E:maj(4),7,0,0,7,0,0,0
F/2,7,0,0,7,0,0,0
"C:(3,5,b7,9,#11)",7,0,0,0,0,7,0
"F:(4,5,b7,9)",7,0,0,0,0,7,0
"C:(3,5,7,9,#11)",7,0,0,0,0,7,0
"Eb:(4,5,b7,9)",7,0,0,0,0,7,0
"Bb:(b3,5,b7,9,11)",7,0,0,0,0,7,0
"C#:(bb3,b5,bb7)",7,0,0,0,0,0,7
D#:maj/5,7,0,0,0,0,0,7
"D:(3,b5,b7)/b5",7,0,0,0,0,0,7
Bbb:7,7,0,0,0,0,0,7
F#:min7/5,7,0,0,0,0,0,7
A#:min/b3,7,0,0,0,0,0,7
G#:hdim7/b3,7,0,0,0,0,0,7
E#:hdim7,7,0,0,0,0,0,7
Ebb:maj/3,7,0,0,0,0,0,7
A:aug/3,7,0,0,0,0,0,7
Gb:7/b7,7,0,0,0,0,0,7
"D#:(bb3,b5,bb7)",7,0,0,0,0,0,7
E#:min,7,0,0,0,0,0,7
C#:min/3,6,6,0,0,0,0,0
E:maj(9)/3,6,3,3,0,0,0,0
Ab:7(b13),6,6,0,0,0,0,0
D:maj7(#11),6,6,0,0,0,0,0
B:7(b13),6,6,0,0,0,0,0
D:min(b13),6,6,0,0,0,0,0
F#:sus4/b7,6,6,0,0,0,0,0
A:maj(#9),6,6,0,0,0,0,0
F:maj/b7,6,6,0,0,0,0,0
F#:min(b13),6,6,0,0,0,0,0
Db:5(b7),6,6,0,0,0,0,0
Eb:min(b13),6,6,0,0,0,0,0
C:min7(11),6,6,0,0,0,0,0
A:min7/4,6,6,0,0,0,0,0
B:7(#11),6,6,0,0,0,0,0
Bb:min7(11),6,6,0,0,0,0,0
"C:aug(b7,9)",6,1,5,0,0,0,0
G:maj/7,6,6,0,0,0,0,0
E:min/4,6,5,0,1,0,0,0
Db:maj13,6,6,0,0,0,0,0
Cb:7(#11),6,6,0,0,0,0,0
C#:min9/b7,6,6,0,0,0,0,0
A:7(b9)/3,6,2,4,0,0,0,0
Ab:maj9(#11)/7,6,0,6,0,0,0,0
Eb:min9(11)/5,6,0,6,0,0,0,0
"F#:(3,b5,b7,9)",6,0,6,0,0,0,0
"F:(3,b5,b7,9)",6,0,6,0,0,0,0
F:7(#9)/5,6,0,6,0,0,0,0
"F#:7(11,b9,13)",6,0,6,0,0,0,0
Bb:maj(#4)/#4,6,0,6,0,0,0,0
F:minmaj7/5,6,0,6,0,0,0,0
"G#:aug(b7,#9)",6,0,6,0,0,0,0
Gb:7(#9),6,0,6,0,0,0,0
Bb:min6/5,6,0,6,0,0,0,0
"Ab:9(b13,11)",6,0,6,0,0,0,0
D:min6/b3,6,0,6,0,0,0,0
"C#:9(b13,11)",6,0,6,0,0,0,0
"B:aug(b7,b9)",6,0,6,0,0,0,0
"B:(3,b5,b7,b9,b13)/b4",6,0,6,0,0,0,0
"F#:sus4(b7,13,11,9)",6,0,6,0,0,0,0
Db:7(#6)/#6,6,0,6,0,0,0,0
G:min6(b7)/6,6,0,6,0,0,0,0
"E:7(b13,b9,11)",6,0,6,0,0,0,0
"F:sus4(b7,b9)",6,0,6,0,0,0,0
Eb:min6(9),6,0,6,0,0,0,0
B:7(b3)/3,6,0,6,0,0,0,0
G#:9,6,0,4,0,0,2,0
E:9/9,6,0,6,0,0,0,0
A:maj6/6,6,0,6,0,0,0,0
F#:9/9,6,0,6,0,0,0,0
B:min6/6,6,0,6,0,0,0,0
B:min(b6)/b6,6,0,6,0,0,0,0
Gb:sus4,6,0,6,0,0,0,0
"A#:9(b13,11)",6,0,6,0,0,0,0
"C:(2,5)",6,0,6,0,0,0,0
C#:min(9)/9,6,0,6,0,0,0,0
G#:7(b3)/b3,6,0,6,0,0,0,0
Eb:9(11),6,0,6,0,0,0,0
Bb:maj(4)/4,6,0,6,0,0,0,0
F#:min(b1)/b1,6,0,6,0,0,0,0
C#:min7(b5)/b5,6,0,6,0,0,0,0
Bb:min9/b3,6,0,6,0,0,0,0
Gb:maj(#6)/#6,6,0,6,0,0,0,0
F:7(b3)/3,6,0,6,0,0,0,0
A:(5)/b9,6,0,6,0,0,0,0
G:(5)/9,6,0,6,0,0,0,0
A:(5)/5,6,0,6,0,0,0,0
F:(5)/7,6,0,6,0,0,0,0
"Ab:aug(b7,#9)",6,0,6,0,0,0,0
G:maj9/9,6,0,6,0,0,0,0
"Bb:(3,b5,b7,#9)",6,0,6,0,0,0,0
C/9,6,0,0,6,0,0,0
E:min/6,6,0,0,6,0,0,0
B:min/7,6,0,0,6,0,0,0
D:(1),6,0,0,6,0,0,0
E/b7,6,0,0,6,0,0,0
G:maj/9,6,0,0,6,0,0,0
B:min7(9),6,0,0,6,0,0,0
C:maj7(9),6,0,0,6,0,0,0
Eb/2,6,0,0,6,0,0,0
C:maj(#4)/5,6,0,0,6,0,0,0
"B:(*3,5,b7)/5",6,0,0,0,6,0,0
"F#:(b3,*5)",6,0,0,0,6,0,0
"Eb:(3,*5)",6,0,0,0,6,0,0
"B:(*3,*5,b7)",6,0,0,0,6,0,0
"F:(*3,#5)/#5",6,0,0,0,6,0,0
"E:(3,5,b7,9,#11)",6,0,0,0,0,6,0
E:7/9,6,0,0,0,0,6,0
Eb:min/4,6,0,0,0,0,6,0
"D:(3,5,b7,#9,#11)",6,0,0,0,0,6,0
C:maj/b6,6,0,0,0,0,6,0
"C:(4,5,b7,9)",6,0,0,0,0,6,0
F##:dim7/b3,6,0,0,0,0,0,6
Gb:7/3,6,0,0,0,0,0,6
"G:(*3,5,9)/5",6,0,0,0,0,0,6
Dbb:maj,6,0,0,0,0,0,6
E#:min/b3,6,0,0,0,0,0,6
B#:dim,6,0,0,0,0,0,6
"Db:(3,*5)/3",6,0,0,0,0,0,6
"Ab:(*3,5)",6,0,0,0,0,0,6
Bb:dim7/bb7,6,0,0,0,0,0,6
C##:dim/b5,6,0,0,0,0,0,6
F:aug/#5,6,0,0,0,0,0,6
Fb:7,6,0,0,0,0,0,6
"Bb:maj6(7,#11)",5,5,0,0,0,0,0
Eb:maj/2,5,5,0,0,0,0,0
Db:maj/4,5,5,0,0,0,0,0
F#:min/7,5,5,0,0,0,0,0
F:maj13,5,5,0,0,0,0,0
Bb:5/2,5,5,0,0,0,0,0
F:maj/7,5,5,0,0,0,0,0
E:aug(7),5,1,4,0,0,0,0
Db:(b7),5,5,0,0,0,0,0
Cb:maj/2,5,5,0,0,0,0,0
Ab:sus2(b7),5,5,0,0,0,0,0
G:min11,5,5,0,0,0,0,0
Db:min/5,5,1,1,0,0,0,3
C#:min11/b3,5,5,0,0,0,0,0
C:7(11),5,5,0,0,0,0,0
D:7/b4,5,5,0,0,0,0,0
G:7/b3,5,3,0,2,0,0,0
"G:sus4(b7,9,13)",5,5,0,0,0,0,0
E:9/3,5,5,0,0,0,0,0
Eb:min13,5,5,0,0,0,0,0
G:sus4/4,5,4,1,0,0,0,0
B:aug/5,5,5,0,0,0,0,0
"Eb:9(b13,11)",5,0,5,0,0,0,0
Eb:aug(7),5,0,3,0,0,0,2
F:dim7(5)/5,5,0,5,0,0,0,0
"D:(3,b5,b7,b9)",5,0,5,0,0,0,0
"Bb:7(#11,b9)",5,0,5,0,0,0,0
"F:aug(b7,b9)",5,0,5,0,0,0,0
Bb:min6(9)/9,5,0,5,0,0,0,0
F:min6(9)/9,5,0,5,0,0,0,0
F#:min7(4)/4,5,0,5,0,0,0,0
E:maj(b6)/b6,5,0,5,0,0,0,0
G:maj(b6)/b6,5,0,5,0,0,0,0
"Db:9(b13,11)",5,0,5,0,0,0,0
G:7(b9)/5,5,0,5,0,0,0,0
"E:7(#11,#9)",5,0,5,0,0,0,0
B:maj(9)/3,5,0,5,0,0,0,0
D:9(11),5,0,4,1,0,0,0
E:maj7/3,5,0,5,0,0,0,0
"Gb:sus4(b7,9)",5,0,5,0,0,0,0
G:min6/6,5,0,5,0,0,0,0
"C#:7(11,b9,13)",5,0,5,0,0,0,0
"Eb:7(11,b9,13)",5,0,5,0,0,0,0
G:min6(9),5,0,5,0,0,0,0
D:9/9,5,0,5,0,0,0,0
A:maj(b3)/3,5,0,5,0,0,0,0
"G:maj9(11,13)",5,0,5,0,0,0,0
A:maj(2)/3,5,0,5,0,0,0,0
B:min(4)/4,5,0,5,0,0,0,0
Db:maj(#6)/#6,5,0,5,0,0,0,0
D#:min7/b7,5,0,3,0,0,0,2
G#:maj(b4)/b4,5,0,5,0,0,0,0
B:7(6)/6,5,0,5,0,0,0,0
E:maj6/3,5,0,5,0,0,0,0
A:(5)/7,5,0,5,0,0,0,0
A:(5)/9,5,0,5,0,0,0,0
G:maj9(#11)/7,5,0,5,0,0,0,0
Cb:maj6(9),5,0,5,0,0,0,0
D:hdim7(4)/4,5,0,5,0,0,0,0
C#:maj(9)/9,5,0,5,0,0,0,0
B:7(b5)/b5,5,0,5,0,0,0,0
"Db:9(13,#11)",5,0,5,0,0,0,0
Bb:maj9(#11)/3,5,0,5,0,0,0,0
G:dim7(b9)/b9,5,0,5,0,0,0,0
F#:maj(b9)/b9,5,0,5,0,0,0,0
"Bb:7(b13,b9,11)",5,0,5,0,0,0,0
"Eb:(3,b5,b7,b9,b13)",5,0,1,0,0,4,0
D#,5,0,0,5,0,0,0
D:maj(*1)/#1,5,0,0,5,0,0,0
F:maj/9,5,0,0,5,0,0,0
G:sus4(2),5,0,0,5,0,0,0
Ab:maj(2)/2,5,0,0,5,0,0,0
C#:maj7/3,5,0,0,5,0,0,0
D:min(6),5,0,0,5,0,0,0
"B:(1,5)",5,0,0,5,0,0,0
F:(1),5,0,0,5,0,0,0
F:min(6),5,0,0,5,0,0,0
D:sus4(2),5,0,0,5,0,0,0
E:min7(4),5,0,0,5,0,0,0
"G:(*3,5)/5",5,0,0,0,2,0,3
Eb:maj/#1,5,0,0,0,0,5,0
"B:(3,5,b7,9,11,13)",5,0,0,0,0,5,0
"E:(3,5,6,9,#11)",5,0,0,0,0,5,0
Eb:min9/4,5,0,0,0,0,5,0
"G:(3,5,b7,9,#11)",5,0,0,0,0,5,0
"Db:(3,5,7,9,#11)/7",5,0,0,0,0,5,0
"Db:(3,5,b7,9,11,13)",5,0,0,0,0,5,0
"B:(4,5,b7)",5,0,0,0,0,5,0
Cb:min/b3,5,0,0,0,0,0,5
"E:(3,b5,b7)/b5",5,0,0,0,0,0,5
"C:(*3,5,9)/5",5,0,0,0,0,0,5
"Bb:(3,b5,7)/3",5,0,0,0,0,0,5
"F#:(3,*5,b7)",5,0,0,0,0,0,5
F##:dim/b3,5,0,0,0,0,0,5
A#:maj/3,5,0,0,0,0,0,5
F##:dim/b5,5,0,0,0,0,0,5
"C#:(3,*5,b7)",5,0,0,0,0,0,5
"F#:(*3,5)",5,0,0,0,0,0,5
Eb:dim/b5,5,0,0,0,0,0,5
"A:(bb3,b5)/bb3",5,0,0,0,0,0,5
"E#:(bb3,b5,bb7)",5,0,0,0,0,0,5
G:9(b13),4,4,0,0,0,0,0
Ab:maj6/2,4,4,0,0,0,0,0
B:min(9),4,4,0,0,0,0,0
Gb:maj(9)/2,4,4,0,0,0,0,0
Eb:7(b9)/3,4,2,2,0,0,0,0
"A:7(b9,b13)",4,4,0,0,0,0,0
Ab:dim7/2,4,4,0,0,0,0,0
D:maj(b9),4,4,0,0,0,0,0
F:13,4,4,0,0,0,0,0
Bb:13,4,4,0,0,0,0,0
D#:dim/b2,4,4,0,0,0,0,0
"Eb:7(b13,#9)",4,4,0,0,0,0,0
A:9(13),4,4,0,0,0,0,0
D:sus2/2,4,4,0,0,0,0,0
Ab:min(11),4,4,0,0,0,0,0
Cb:1/1,4,4,0,0,0,0,0
Gb:maj(11),4,4,0,0,0,0,0
"F:(b5,11)",4,4,0,0,0,0,0
Bb:5(b7)/5,4,4,0,0,0,0,0
Bb:sus4(b7)/4,4,4,0,0,0,0,0
Ab:min(9),4,4,0,0,0,0,0
F:aug(9),4,4,0,0,0,0,0
E:min/2,4,4,0,0,0,0,0
E:min9/b3,4,4,0,0,0,0,0
E:min9/4,4,4,0,0,0,0,0
Bb:maj7/2,4,3,0,1,0,0,0
G:7/4,4,4,0,0,0,0,0
Bb:maj/6,4,4,0,0,0,0,0
B:11,4,4,0,0,0,0,0
F:maj6(9)/3,4,4,0,0,0,0,0
"D:maj6(b7,11)",4,4,0,0,0,0,0
E:7(b13)/3,4,4,0,0,0,0,0
E:maj/b5,4,4,0,0,0,0,0
C:sus2/5,4,4,0,0,0,0,0
A:(#5),4,4,0,0,0,0,0
B:maj7(b7)/3,4,4,0,0,0,0,0
Bb:min(9)/9,4,0,4,0,0,0,0
"Bb:aug(b7,b9)",4,0,4,0,0,0,0
"A:aug(b7,9)",4,0,4,0,0,0,0
E:maj(b9)/b9,4,0,4,0,0,0,0
Db:aug(b7),4,0,4,0,0,0,0
B:maj(b6)/b6,4,0,4,0,0,0,0
"F:7(#11,#9)",4,0,4,0,0,0,0
D#:min9(11),4,0,4,0,0,0,0
Ab:min6/b3,4,0,4,0,0,0,0
D:maj(b9)/b9,4,0,4,0,0,0,0
"G#:(3,b5,b7,b9,b13)",4,0,4,0,0,0,0
Ab:maj6/3,4,0,4,0,0,0,0
"D:sus4(b7,b9)",4,0,4,0,0,0,0
Gb:maj(#4)/#4,4,0,4,0,0,0,0
"F#:7(4,b9)/4",4,0,4,0,0,0,0
A:aug(7),4,0,4,0,0,0,0
F:aug(7),4,0,3,0,0,0,1
"G#:7(b13,b9,11)",4,0,4,0,0,0,0
"B:7(#9,b6)/b6",4,0,4,0,0,0,0
Bb:7(6)/6,4,0,4,0,0,0,0
G:min6/b3,4,0,4,0,0,0,0
Cb:maj6(9)/5,4,0,4,0,0,0,0
Cb:min6(9)/5,4,0,4,0,0,0,0
D#:maj7,4,0,4,0,0,0,0
"E:sus4(b7,b9)",4,0,4,0,0,0,0
"Ab:aug(b7,9)",4,0,4,0,0,0,0
E:min9/9,4,0,4,0,0,0,0
F#:min9/b7,4,0,4,0,0,0,0
D:9/5,4,0,3,1,0,0,0
Db:7(#4)/#4,4,0,4,0,0,0,0
Eb:maj9/9,4,0,4,0,0,0,0
C:9/3,4,0,4,0,0,0,0
"Ab:(3,b5,b7,b9)",4,0,4,0,0,0,0
Eb:min6/b3,4,0,4,0,0,0,0
A#:min7(b6)/b6,4,0,4,0,0,0,0
C#:maj(4)/4,4,0,4,0,0,0,0
A:min6/5,4,0,4,0,0,0,0
G#:maj(9),4,0,4,0,0,0,0
D:min(#1)/#1,4,0,4,0,0,0,0
F:min(9)/9,4,0,4,0,0,0,0
Gb:min6(#9)/#9,4,0,4,0,0,0,0
D:7(#1)/#1,4,0,4,0,0,0,0
G:sus4(b7)/b7,4,0,4,0,0,0,0
E:maj6(9)/9,4,0,4,0,0,0,0
Bb:sus4/4,4,0,4,0,0,0,0
Bb:sus4/5,4,0,4,0,0,0,0
D:sus4(9)/9,4,0,4,0,0,0,0
D:dim7(6)/6,4,0,4,0,0,0,0
G:min(4)/4,4,0,4,0,0,0,0
Db:9/b7,4,0,4,0,0,0,0
F#:maj(9)/9,4,0,4,0,0,0,0
G:9/9,4,0,4,0,0,0,0
C#:maj(b4)/b4,4,0,4,0,0,0,0
Bb:maj(b6)/b6,4,0,4,0,0,0,0
"G:7(#11,b9)",4,0,4,0,0,0,0
"Gb:(3,b5,b7)",4,0,4,0,0,0,0
Bb:maj9(#11)/5,4,0,4,0,0,0,0
E:maj(b1)/b1,4,0,4,0,0,0,0
"C:(3,b5,b7,#9)",4,0,4,0,0,0,0
E:maj(b9),4,0,0,4,0,0,0
Bb:maj/9,4,0,0,4,0,0,0
E/2,4,0,0,4,0,0,0
A/b3,4,0,0,4,0,0,0
C/6,4,0,0,4,0,0,0
G:minmaj7/5,4,0,0,4,0,0,0
B:maj(*3),4,0,0,4,0,0,0
F/9,4,0,0,4,0,0,0
F:min/7,4,0,0,4,0,0,0
F:min/6,4,0,0,4,0,0,0
Ab/3,4,0,0,4,0,0,0
"E:(1,5)",4,0,0,4,0,0,0
Bb/7,4,0,0,4,0,0,0
"D:min7(2,*b3,4)",4,0,0,4,0,0,0
"D:(1,4)",4,0,0,4,0,0,0
"D#:(1,4)",4,0,0,4,0,0,0
"E:(1,4)",4,0,0,4,0,0,0
A:7(13),4,0,0,4,0,0,0
A:maj(*5),4,0,0,4,0,0,0
"A:(*3,*5,b7)",4,0,0,0,4,0,0
"E:(*3,5)",4,0,0,0,2,0,2
"F:(*3,5)/5",4,0,0,0,4,0,0
"G:(b3,*5)/b3",4,0,0,0,4,0,0
"D:(*3,5)",4,0,0,0,4,0,0
"A:(*3,5)/5",4,0,0,0,4,0,0
"C:(3,*5)/3",4,0,0,0,4,0,0
"A:(*3,5)",4,0,0,0,3,0,1
"Db:(3,#5,b7)",4,0,0,0,0,4,0
E:maj/b1,4,0,0,0,0,4,0
D:min/7,4,0,0,0,0,4,0
"Bb:(3,#5,7,9)",4,0,0,0,0,4,0
"Gb:(3,5,7,9,#11)",4,0,0,0,0,4,0
"D:(3,#5,7,9)",4,0,0,0,0,4,0
Ab:9/3,4,0,0,0,0,4,0
B:maj/b9,4,0,0,0,0,4,0
G:sus4/9,4,0,0,0,0,4,0
"C:(4,5,b7,9,11,13)",4,0,0,0,0,4,0
"Bb:(4,5,b7,9)",4,0,0,0,0,4,0
"F#:(bb3,b5,bb7)",4,0,0,0,0,0,4
"E:(bb3,b5)/bb3",4,0,0,0,0,0,4
"F#:(bb3,b5,bb7)/b5",4,0,0,0,0,0,4
"A:(3,b5,b7)/b5",4,0,0,0,0,0,4
Fb:maj/5,4,0,0,0,0,0,4
"D:(bb3,b5,bb7)/bb3",4,0,0,0,0,0,4
C:dim7/b5,4,0,0,0,0,0,4
"B:(*3,b5,bb7)/b5",4,0,0,0,0,0,4
"D:(*3,5,9)/5",4,0,0,0,0,0,4
"A:(*3,b5,bb7)/b5",4,0,0,0,0,0,4
"B:(3,b5,b7)/b7",4,0,0,0,0,0,4
G#:hdim7/b7,4,0,0,0,0,0,4
"Ab:(3,*5,7)",4,0,0,0,0,0,4
F#:sus4(b7)/5,4,0,0,0,0,0,4
G:aug/#5,4,0,0,0,0,0,4
Bb:minmaj7/5,4,0,0,0,0,0,4
"Bb:(3,*5,b7)",4,0,0,0,0,0,4
"G:(3,*5,b7)",4,0,0,0,0,0,4
B#:7,4,0,0,0,0,0,4
Abb:maj/3,4,0,0,0,0,0,4
Abb:maj,4,0,0,0,0,0,4
Ebb:maj,4,0,0,0,0,0,4
E#:maj,4,0,0,0,0,0,4
Bb:dim/b5,4,0,0,0,0,0,4
"G:(3,b5,b7)/b5",4,0,0,0,0,0,4
D#:hdim7/b5,4,0,0,0,0,0,4
"D:(*3,*5)",4,0,0,0,0,0,4
F:dim7/b3,4,0,0,0,0,0,4
"Gb:(*3,5,b7)/5",4,0,0,0,0,0,4
Cb:aug,4,0,0,0,0,0,4
"A:(b5,b7,3)/b5",3,3,0,0,0,0,0
Ab:5/b7,3,3,0,0,0,0,0
Ab:maj6/4,3,3,0,0,0,0,0
G:7(b13),3,3,0,0,0,0,0
C#:sus2(b7),3,3,0,0,0,0,0
B:min(11)/7,3,3,0,0,0,0,0
B:maj/7,3,3,0,0,0,0,0
G:maj6(7),3,3,0,0,0,0,0
Eb:sus2,3,3,0,0,0,0,0
B:min(11)/4,3,3,0,0,0,0,0
B:min11,3,3,0,0,0,0,0
Eb:maj(#11),3,3,0,0,0,0,0
F:9/3,3,3,0,0,0,0,0
G:9/5,3,3,0,0,0,0,0
B:7(b9)/b2,3,3,0,0,0,0,0
D:maj9(13),3,3,0,0,0,0,0
A:7(b9)/5,3,3,0,0,0,0,0
A:7(b9)/b7,3,3,0,0,0,0,0
Eb:maj7(#11)/3,3,3,0,0,0,0,0
B:5(b7),3,3,0,0,0,0,0
C:7(b9)/3,3,2,1,0,0,0,0
F:min(b13),3,3,0,0,0,0,0
D:min9/b7,3,1,2,0,0,0,0
A:9/3,3,3,0,0,0,0,0
Bb:minmaj7/7,3,3,0,0,0,0,0
E:7(b9)/4,3,3,0,0,0,0,0
"B:7(b9,b13)",3,3,0,0,0,0,0
F:7(#11),3,3,0,0,0,0,0
F:min11,3,3,0,0,0,0,0
Ab:maj(9)/6,3,3,0,0,0,0,0
Bb:min11/b7,3,3,0,0,0,0,0
A:9/5,3,1,1,1,0,0,0
F:min7(11),3,3,0,0,0,0,0
"A:(11,9)",3,3,0,0,0,0,0
E:7(#11),3,3,0,0,0,0,0
Db:maj6(9)/5,3,3,0,0,0,0,0
B:maj6/5,3,3,0,0,0,0,0
Eb:maj(b9),3,3,0,0,0,0,0
E:maj7(b1)/b1,3,0,3,0,0,0,0
Db:min6(9),3,0,3,0,0,0,0
"B:sus4(b7,b9)",3,0,3,0,0,0,0
"D:maj9(11,13)",3,0,3,0,0,0,0
"Ab:9(11,13)/3",3,0,3,0,0,0,0
Db:aug(7)/3,3,0,2,0,0,0,1
Gb:maj(#5)/#5,3,0,3,0,0,0,0
F:min9/b7,3,0,3,0,0,0,0
C:maj9/5,3,0,3,0,0,0,0
"Cb:(3,b5,b7,b9)",3,0,3,0,0,0,0
"D:(3,b5,b7,#9)",3,0,3,0,0,0,0
"Eb:aug(b7,b9)",3,0,3,0,0,0,0
Db:maj(#5)/#5,3,0,3,0,0,0,0
E:minmaj7/b3,3,0,3,0,0,0,0
C#:9(#11),3,0,3,0,0,0,0
Db:min6(#9)/#9,3,0,3,0,0,0,0
"C:7(b13,b9,11)",3,0,3,0,0,0,0
D#:7(#9),3,0,3,0,0,0,0
"C#:7(#11,b9)",3,0,3,0,0,0,0
C:min9/9,3,0,3,0,0,0,0
Bb:aug(7)/#5,3,0,2,0,0,0,1
F#:maj9(#11),3,0,3,0,0,0,0
Bb:hdim7(9),3,0,3,0,0,0,0
G:min(b6)/b6,3,0,3,0,0,0,0
A:9/9,3,0,3,0,0,0,0
D:maj7/7,3,0,3,0,0,0,0
Bb:9/9,3,0,3,0,0,0,0
Eb:9/9,3,0,3,0,0,0,0
B:9/9,3,0,3,0,0,0,0
F:7(6)/6,3,0,3,0,0,0,0
D:maj(4)/4,3,0,3,0,0,0,0
G:hdim7(4)/4,3,0,3,0,0,0,0
G:min(9)/9,3,0,3,0,0,0,0
G:maj(b3)/3,3,0,3,0,0,0,0
C:minmaj7/7,3,0,3,0,0,0,0
G:sus4(b9)/b9,3,0,3,0,0,0,0
A:9(11),3,0,2,1,0,0,0
Gb:aug(b7),3,0,3,0,0,0,0
D:maj(b5)/b5,3,0,3,0,0,0,0
"Bb:maj9(11,13)",3,0,3,0,0,0,0
Eb:maj(2)/3,3,0,3,0,0,0,0
F:min(4)/4,3,0,3,0,0,0,0
F:min9/9,3,0,3,0,0,0,0
F#:sus4/5,3,0,3,0,0,0,0
Eb:hdim7(#4)/#4,3,0,3,0,0,0,0
B:maj6(4)/4,3,0,3,0,0,0,0
B:7(b3)/b3,3,0,3,0,0,0,0
"Eb:7(#11,#9)",3,0,3,0,0,0,0
"G:(3,b5,b7,#9)",3,0,3,0,0,0,0
B:minmaj7/b3,3,0,2,0,0,0,1
"E:aug(b7,9)",3,0,3,0,0,0,0
Bb:aug(7)/7,3,0,2,0,0,0,1
C:maj(b6)/b6,3,0,3,0,0,0,0
G:7(b9)/b7,3,0,3,0,0,0,0
Bb:dim7(5)/5,3,0,3,0,0,0,0
"F:7(#11,b9)",3,0,3,0,0,0,0
"G:9(b13,11)/3",3,0,3,0,0,0,0
F#:7(4),3,0,3,0,0,0,0
Bb:9/b7,3,0,3,0,0,0,0
G:dim7(9)/9,3,0,3,0,0,0,0
B:maj6(b9)/b9,3,0,3,0,0,0,0
Ab:aug(7),3,0,2,0,0,0,1
"F:(b3,#5)",3,0,3,0,0,0,0
"G:(3,b5,b7,b9)",3,0,3,0,0,0,0
B:aug(9)/9,3,0,3,0,0,0,0
"F:maj9(#4,#11)/#4",3,0,3,0,0,0,0
G:sus4(2)/2,3,0,0,3,0,0,0
B:dim7/b9,3,0,0,3,0,0,0
Bb:dim7/5,3,0,0,3,0,0,0
G:maj(*1)/5,3,0,0,3,0,0,0
"A:min7(*5,b6)",3,0,0,3,0,0,0
D:7/2,3,0,0,3,0,0,0
B:aug/3,3,0,0,2,0,0,1
B:min(6),3,0,0,3,0,0,0
Cb,3,0,0,3,0,0,0
F#/4,3,0,0,3,0,0,0
F/7,3,0,0,3,0,0,0
A:sus4(2),3,0,0,3,0,0,0
D:7/6,3,0,0,0,3,0,0
"F:(3,*5)",3,0,0,0,2,0,1
"B:(1,*3,*5)",3,0,0,0,3,0,0
"C:(*3,5)",3,0,0,0,3,0,0
G:min6/4,3,0,0,0,0,3,0
Db:maj/#1,3,0,0,0,0,3,0
Ab:7/#4,3,0,0,0,0,3,0
"A:(b3,5,b7,9,11)",3,0,0,0,0,3,0
"D:(3,5,b7,9,11,13)",3,0,0,0,0,3,0
"F#:(3,5,b7,9,11,13)",3,0,0,0,0,3,0
"Bb:(3,5,6,9)",3,0,0,0,0,3,0
"F:(3,#5,7)",3,0,0,0,0,3,0
"Ab:(3,5,b7,b9)",3,0,0,0,0,3,0
"F:(3,5,b7,b9,11,b13)",3,0,0,0,0,3,0
Db:9/5,3,0,0,0,0,3,0
"A:(3,#5,7,9)",3,0,0,0,0,3,0
"E:(4,5,b7)/4",3,0,0,0,0,3,0
"Db:(3,#5,7,9)",3,0,0,0,0,3,0
"C:(3,#5,7,9)",3,0,0,0,0,3,0
"D:(3,5,7,9,#11)",3,0,0,0,0,3,0
"D:(*3,5,b7)/5",3,0,0,0,0,0,3
Bb:hdim7/b3,3,0,0,0,0,0,3
"Bb:(3,b5,b7)/b5",3,0,0,0,0,0,3
"C#:(*3,*5)",3,0,0,0,0,0,3
"Gb:(*3,5,9)/5",3,0,0,0,0,0,3
"G:(*3,*5)",3,0,0,0,0,0,3
"A:(*3,5,9)/5",3,0,0,0,0,0,3
"C#:(bb3,b5,bb7)/b5",3,0,0,0,0,0,3
D:aug/#5,3,0,0,0,0,0,3
"G#:(*3,5,b7)/5",3,0,0,0,0,0,3
"A:(3,*5,9)/9",3,0,0,0,0,0,3
Eb:min(4)/b3,3,0,0,0,0,0,3
Bb:min(bb7),3,0,0,0,0,0,3
Db:maj(#6),3,0,0,0,0,0,3
Db:aug/3,3,0,0,0,0,0,3
G#:min7(b9)/b3,3,0,0,0,0,0,3
"F#:(3,*5,b7,9)",3,0,0,0,0,0,3
A#:min7/b3,3,0,0,0,0,0,3
Abb:maj7/7,3,0,0,0,0,0,3
C##:dim,3,0,0,0,0,0,3
E#:hdim7/b3,3,0,0,0,0,0,3
G##:dim7/b3,3,0,0,0,0,0,3
"A:(*3,*5)",3,0,0,0,0,0,3
Dbb:maj/5,3,0,0,0,0,0,3
G:sus2,2,2,0,0,0,0,0
Db:minmaj7/5,2,2,0,0,0,0,0
Db:sus2,2,2,0,0,0,0,0
"Fb:(3,7)",2,2,0,0,0,0,0
Ab:5/5,2,2,0,0,0,0,0
Ab:maj/b7,2,2,0,0,0,0,0
Ab:maj/6,2,2,0,0,0,0,0
Db:sus4(9),2,2,0,0,0,0,0
F:min9/4,2,2,0,0,0,0,0
B:dim(b13),2,2,0,0,0,0,0
"D:7(b9,#11)",2,2,0,0,0,0,0
D:7(#11),2,2,0,0,0,0,0
B:maj/b4,2,2,0,0,0,0,0
A:min7(11),2,2,0,0,0,0,0
C:min(9)/5,2,2,0,0,0,0,0
F:sus2(b7),2,2,0,0,0,0,0
C:min6/2,2,2,0,0,0,0,0
D:maj6(7),2,2,0,0,0,0,0
D:min6(7),2,2,0,0,0,0,0
G:maj(11)/4,2,2,0,0,0,0,0
C:min/6,2,1,0,1,0,0,0
C#:min(11),2,2,0,0,0,0,0
B:min(11)/b7,2,2,0,0,0,0,0
"Eb:sus4(b7,9,#11)",2,2,0,0,0,0,0
C#:min11,2,2,0,0,0,0,0
F:sus2/3,2,2,0,0,0,0,0
A:maj(11)/b7,2,2,0,0,0,0,0
"Eb:sus4(b7,9)/5",2,2,0,0,0,0,0
F:maj7/4,2,2,0,0,0,0,0
C:maj6(7),2,2,0,0,0,0,0
F:dim/#4,2,2,0,0,0,0,0
D#:maj/b6,2,2,0,0,0,0,0
C:dim/7,2,2,0,0,0,0,0
"F#:(b5,b7,3)",2,2,0,0,0,0,0
"C:(b5,b7,3)",2,2,0,0,0,0,0
"Eb:(b5,b7,3)",2,2,0,0,0,0,0
"G:(b5,b7,3)",2,2,0,0,0,0,0
F#:7/b2,2,2,0,0,0,0,0
F#:min7(11),2,2,0,0,0,0,0
G#:min7(11),2,2,0,0,0,0,0
"Bb:sus4(b7,9,13)",2,2,0,0,0,0,0
Ab:min7/5,2,2,0,0,0,0,0
"F:sus4(b7,9)/2",2,2,0,0,0,0,0
B:7(b9)/3,2,2,0,0,0,0,0
G:maj/#4,2,2,0,0,0,0,0
C:7(b9)/b2,2,2,0,0,0,0,0
Bb:min/2,2,2,0,0,0,0,0
Cb:maj9,2,2,0,0,0,0,0
Bb:9/3,2,2,0,0,0,0,0
Gb:min/3,2,2,0,0,0,0,0
Ab:maj6(b7),2,2,0,0,0,0,0
Eb:min6(#11),2,2,0,0,0,0,0
B:min11/b7,2,2,0,0,0,0,0
A#:1/1,2,2,0,0,0,0,0
Db:min(9),2,2,0,0,0,0,0
Gb:maj6(b7),2,2,0,0,0,0,0
Fb:5(b7),2,2,0,0,0,0,0
C:5(b7),2,2,0,0,0,0,0
C:5(13),2,2,0,0,0,0,0
Fb:maj7,2,2,0,0,0,0,0
A:maj6/3,2,2,0,0,0,0,0
C#:7/4,2,2,0,0,0,0,0
A:(b7)/b7,2,2,0,0,0,0,0
A:(13)/6,2,2,0,0,0,0,0
F:(3),2,2,0,0,0,0,0
E:min9/2,2,2,0,0,0,0,0
D:maj13,2,2,0,0,0,0,0
B:maj/2,2,2,0,0,0,0,0
B:maj6(b9),2,2,0,0,0,0,0
D:sus4(b7)/2,2,2,0,0,0,0,0
A:min(9)/b7,2,2,0,0,0,0,0
A:min(9)/6,2,2,0,0,0,0,0
A:min9(b13),2,2,0,0,0,0,0
F:maj(#11),2,2,0,0,0,0,0
B:maj7(b5)/b5,2,0,2,0,0,0,0
G:aug(7),2,0,2,0,0,0,0
"F:(3,b5,b7)",2,0,2,0,0,0,0
"C#:aug(b7,#9)",2,0,2,0,0,0,0
"Eb:(3,b5,b7,b9)",2,0,2,0,0,0,0
C:9/b7,2,0,2,0,0,0,0
C:min6(b7)/b7,2,0,2,0,0,0,0
C:aug/#5,2,0,1,0,0,0,1
B:maj(b9)/b9,2,0,2,0,0,0,0
"A:(b3,#5)",2,0,2,0,0,0,0
F:maj9(#11)/7,2,0,2,0,0,0,0
C:maj(b9)/b9,2,0,2,0,0,0,0
Gb:minmaj7,2,0,2,0,0,0,0
"G:(3,b5,b7,9)",2,0,2,0,0,0,0
Eb:maj6(7)/6,2,0,2,0,0,0,0
D:maj9(#11)/3,2,0,2,0,0,0,0
E:maj9(#11)/3,2,0,2,0,0,0,0
C:dim7(5)/5,2,0,2,0,0,0,0
A:maj(b9)/b9,2,0,2,0,0,0,0
"A:7(4,b9)/4",2,0,2,0,0,0,0
"A:7(11,#9,13)",2,0,2,0,0,0,0
E:7(#9)/5,2,0,2,0,0,0,0
A#:min9(11),2,0,2,0,0,0,0
"D#:7(11,b9,13)",2,0,2,0,0,0,0
"G#:9(11,13)",2,0,2,0,0,0,0
B:dim7(b9)/b9,2,0,2,0,0,0,0
F#:min6/b3,2,0,2,0,0,0,0
B:maj9/3,2,0,2,0,0,0,0
"Db:(3,b5,b7,9)",2,0,2,0,0,0,0
D#:9,2,0,1,0,0,0,1
"A:9(11,13)/3",2,0,2,0,0,0,0
"G#:aug(b7,b9)",2,0,2,0,0,0,0
"A:maj7(#9,b9)",2,0,2,0,0,0,0
A:hdim7(9),2,0,2,0,0,0,0
E:hdim7(9),2,0,2,0,0,0,0
D:minmaj7(9),2,0,2,0,0,0,0
"C#:(3,b5,b7,b9)",2,0,2,0,0,0,0
G:dim7(5)/5,2,0,2,0,0,0,0
Gb:dim7(#5)/#5,2,0,2,0,0,0,0
F:dim7(6)/6,2,0,2,0,0,0,0
"G#:maj(b4,9)/b4",2,0,2,0,0,0,0
F#:maj7/5,2,0,2,0,0,0,0
"C#:7(b13,b9,11)",2,0,2,0,0,0,0
G:maj9/3,2,0,2,0,0,0,0
"Gb:aug(b7,9)",2,0,2,0,0,0,0
C:maj6(7)/7,2,0,2,0,0,0,0
A:minmaj7(9),2,0,2,0,0,0,0
C:maj9/7,2,0,2,0,0,0,0
Db:min7(#6)/#6,2,0,2,0,0,0,0
G#:min7/5,2,0,1,0,0,0,1
"D#:(3,b5,b7,b9)",2,0,2,0,0,0,0
D:7(b5)/b5,2,0,2,0,0,0,0
"Db:aug(b7,#9)",2,0,2,0,0,0,0
G:maj7(4)/4,2,0,2,0,0,0,0
"Db:(3,b5,b7,b9)",2,0,2,0,0,0,0
F#:7(6)/6,2,0,2,0,0,0,0
D:dim7(5)/5,2,0,2,0,0,0,0
C:min6/5,2,0,2,0,0,0,0
E:maj(2)/3,2,0,2,0,0,0,0
F:maj(2)/3,2,0,2,0,0,0,0
"Ab:sus4(b7,b9)/5",2,0,2,0,0,0,0
D#:min6,2,0,2,0,0,0,0
F#:maj6(9),2,0,2,0,0,0,0
G:maj6(7)/7,2,0,2,0,0,0,0
Db:maj6/3,2,0,2,0,0,0,0
C:maj7(4)/4,2,0,2,0,0,0,0
Eb:sus4/4,2,0,2,0,0,0,0
Eb:sus4/5,2,0,2,0,0,0,0
Bb:min9/5,2,0,2,0,0,0,0
D:maj(9)/5,2,0,2,0,0,0,0
D:min(b1)/b1,2,0,2,0,0,0,0
"D#:sus4(b7,b9)",2,0,2,0,0,0,0
A:min6(4)/4,2,0,2,0,0,0,0
"B:9(11,b9,13)/b9",2,0,2,0,0,0,0
C#:7(b4)/b4,2,0,2,0,0,0,0
A:aug(b7)/3,2,0,2,0,0,0,0
F#:7(4)/4,2,0,2,0,0,0,0
Db:maj(#1)/#1,2,0,2,0,0,0,0
Db:maj(#9)/#9,2,0,2,0,0,0,0
Eb:maj(#5)/#5,2,0,2,0,0,0,0
Eb:7(6)/6,2,0,2,0,0,0,0
Eb:7(#5)/#5,2,0,2,0,0,0,0
Eb:maj(#4)/#4,2,0,2,0,0,0,0
F:hdim7(#4)/#4,2,0,2,0,0,0,0
E:min(b6),2,0,2,0,0,0,0
B:min(9)/9,2,0,2,0,0,0,0
E:min(9)/9,2,0,2,0,0,0,0
"Ab:aug(7,9)/9",2,0,2,0,0,0,0
"Ab:9(11,4,13)/3",2,0,2,0,0,0,0
F:minmaj7(9)/9,2,0,2,0,0,0,0
D:min(b6)/b6,2,0,2,0,0,0,0
D:maj(b6)/b6,2,0,2,0,0,0,0
F#:maj7/3,2,0,1,0,0,0,1
"B:aug(b7,9)",2,0,2,0,0,0,0
"C:(3,b5,b7,b9,b13)/b6",2,0,2,0,0,0,0
Eb:9(#11)/3,2,0,2,0,0,0,0
F:min9(11)/b3,2,0,2,0,0,0,0
Db:maj9/9,2,0,2,0,0,0,0
D:maj(b3)/b3,2,0,2,0,0,0,0
Eb:7(#4)/#4,2,0,2,0,0,0,0
"A:maj9(#11,b1)/b1",2,0,2,0,0,0,0
Ab:7(#4)/#4,2,0,2,0,0,0,0
Gb:min9/9,2,0,2,0,0,0,0
"D:sus4(b7,13,11,9)",2,0,2,0,0,0,0
G:hdim7(b9)/b9,2,0,2,0,0,0,0
Db:min(b6),2,0,2,0,0,0,0
D:maj6(9)/9,2,0,2,0,0,0,0
C:maj(#5)/#5,2,0,2,0,0,0,0
B:min9/9,2,0,2,0,0,0,0
D#:maj6,2,0,2,0,0,0,0
"C:(b3,#5)",2,0,2,0,0,0,0
E:hdim7(4)/4,2,0,2,0,0,0,0
G:hdim7(9),2,0,2,0,0,0,0
"Db:(3,b5,b7)",2,0,2,0,0,0,0
C:maj(4)/4,2,0,2,0,0,0,0
Ab:maj(#5)/#5,2,0,2,0,0,0,0
"D:7(b13,b9,11)",2,0,2,0,0,0,0
Db:7(#9)/5,2,0,2,0,0,0,0
C:7(#9)/5,2,0,2,0,0,0,0
"Bb:9(11,13)/5",2,0,2,0,0,0,0
F:maj9(#4)/#4,2,0,2,0,0,0,0
"Db:maj9(11,13)",2,0,2,0,0,0,0
"E:9(b5,#11)/b5",2,0,2,0,0,0,0
"Gb:9(11,13)/3",2,0,2,0,0,0,0
"F:(3,b5,b7,#9)",2,0,2,0,0,0,0
A:aug/#5,2,0,0,2,0,0,0
D:min7(4)/5,2,0,0,2,0,0,0
F:maj(9)/6,2,0,0,2,0,0,0
C:maj(2),2,0,0,2,0,0,0
A/9,2,0,0,2,0,0,0
E/6,2,0,0,2,0,0,0
Bb:sus2(b7),2,0,0,2,0,0,0
A/7,2,0,0,2,0,0,0
C:dim7/2,2,0,0,2,0,0,0
A/4,2,0,0,2,0,0,0
F#:min(b6)/5,2,0,0,2,0,0,0
G:9(*3),2,0,0,2,0,0,0
"C#:(1,5)",2,0,0,2,0,0,0
"C:(1,5)",2,0,0,2,0,0,0
C#:(1),2,0,0,2,0,0,0
Bb:(1),2,0,0,2,0,0,0
G:min(9)/b3,2,0,0,2,0,0,0
Db/2,2,0,0,2,0,0,0
"F:(1,5,9)",2,0,0,2,0,0,0
E:9(11),2,0,0,2,0,0,0
D:(*5),2,0,0,2,0,0,0
Eb:7/#5,2,0,0,2,0,0,0
B:(6),2,0,0,2,0,0,0
F:maj(*3),2,0,0,2,0,0,0
E:maj6/b7,2,0,0,2,0,0,0
"F#:(1,4,b7)",2,0,0,2,0,0,0
G:7/b2,2,0,0,2,0,0,0
G:7/2,2,0,0,2,0,0,0
A:min(2),2,0,0,2,0,0,0
E:min(*5),2,0,0,2,0,0,0
C:maj/1,2,0,0,0,2,0,0
"Eb:(*3,5)",2,0,0,0,2,0,0
"A:(3,*5)",2,0,0,0,1,0,1
"E:(b3,*5)",2,0,0,0,2,0,0
"F:(3,#5,b7,9,#11)",2,0,0,0,0,2,0
"Ab:(3,5,b7,9,11,b13)",2,0,0,0,0,2,0
"F:(3,5,b7,9,11,b13)",2,0,0,0,0,2,0
"E:(3,5,b7,9,11,13)",2,0,0,0,0,2,0
"Bb:(3,5,b7,9,11,b13)",2,0,0,0,0,2,0
"Bb:(3,5,b7,9,#11)",2,0,0,0,0,2,0
Fb:min7,2,0,0,0,0,2,0
E:maj/b3,2,0,0,0,0,2,0
Gb:maj/#9,2,0,0,0,0,2,0
"E:(3,5,7,#9)",2,0,0,0,0,2,0
"G:(3,5,7,9,#11)",2,0,0,0,0,2,0
Gb:maj/7,2,0,0,0,0,2,0
Db:aug/7,2,0,0,0,0,2,0
"Db:(3,5,b7,#9,#11)",2,0,0,0,0,2,0
"G:(3,#5,7,9)",2,0,0,0,0,2,0
"Ab:(3,#5,7)/3",2,0,0,0,0,2,0
"G:(4,5,b7,9)",2,0,0,0,0,2,0
"Bb:(3,5,7,9,#11)",2,0,0,0,0,2,0
"Ab:(3,#5,b7)",2,0,0,0,0,2,0
"B:(3,b5,b7)/b5",2,0,0,0,0,0,2
B:maj(bb7)/3,2,0,0,0,0,0,2
Eb:hdim7/b3,2,0,0,0,0,0,2
Db:aug/#5,2,0,0,0,0,0,2
"B:(*3,5,b7,b9)",2,0,0,0,0,0,2
Fb:7/b7,2,0,0,0,0,0,2
"C#:(*3,*5,b7)/b7",2,0,0,0,0,0,2
F#:min(*1)/b3,2,0,0,0,0,0,2
"C#:(*3,5)/5",2,0,0,0,0,0,2
Gbb:maj,2,0,0,0,0,0,2
Gbb:aug,2,0,0,0,0,0,2
"D:(bb3,b5)/bb3",2,0,0,0,0,0,2
"G#:(*3,5,9)/5",2,0,0,0,0,0,2
"Ab:(3,b5,b7)/b5",2,0,0,0,0,0,2
"F#:(3,b5,b7)/b7",2,0,0,0,0,0,2
"A#:(b3,*5,bb7)/b3",2,0,0,0,0,0,2
A:maj(b9),2,0,0,0,0,0,2
"A#:(bb3,b5,bb7)/b5",2,0,0,0,0,0,2
Bb:9(4)/5,2,0,0,0,0,0,2
D:min(4),2,0,0,0,0,0,2
B#:dim/b5,2,0,0,0,0,0,2
"E:(bb3,b4,b5)",2,0,0,0,0,0,2
"B#:(bb3,b5,bb7)/b5",2,0,0,0,0,0,2
"G#:(3,*5,b7)",2,0,0,0,0,0,2
B:9/5,2,0,0,0,0,0,2
"D#:(3,*5,b7)",2,0,0,0,0,0,2
E#:min7/b7,2,0,0,0,0,0,2
"B:(3,*5,b7)",2,0,0,0,0,0,2
A#:hdim7/b3,2,0,0,0,0,0,2
Bbb:7/b7,2,0,0,0,0,0,2
Ebb:maj7/3,2,0,0,0,0,0,2
"C#:(*3,5,b7)/b7",2,0,0,0,0,0,2
B#:hdim7,2,0,0,0,0,0,2
"C#:(*3,5,b7,b9)",2,0,0,0,0,0,2
Ab:sus4(9),2,0,0,0,0,0,2
"F:(*3,*5)",2,0,0,0,0,0,2
"C:(*3,*5)",2,0,0,0,0,0,2
G#:hdim7/b5,2,0,0,0,0,0,2
Cb:min,2,0,0,0,0,0,2
"A:(bb3,b5,bb7)",2,0,0,0,0,0,2
E#:7,2,0,0,0,0,0,2
E:aug(b7)/3,2,0,0,0,0,0,2
"D:(bb3,b5,bb7)",2,0,0,0,0,0,2
Eb:dim7/bb7,2,0,0,0,0,0,2
C##:dim7/b3,2,0,0,0,0,0,2
E:7(bb9),2,0,0,0,0,0,2
Ab:dim7/b5,2,0,0,0,0,0,2
D:7(bb9),2,0,0,0,0,0,2
"Eb:(3,b5,b7)/b5",2,0,0,0,0,0,2
C:dim7/bb7,2,0,0,0,0,0,2
"F:(bb3,b5,bb7)/bb3",2,0,0,0,0,0,2
B#:min7/5,2,0,0,0,0,0,2
B#:7/5,2,0,0,0,0,0,2
G##:dim7/b5,2,0,0,0,0,0,2
D##:min7/b3,2,0,0,0,0,0,2
B#:7/3,2,0,0,0,0,0,2
B#:maj,2,0,0,0,0,0,2
E#:maj/3,2,0,0,0,0,0,2
B#:min/b3,2,0,0,0,0,0,2
B#:min,2,0,0,0,0,0,2
Ab:min7/b3,2,0,0,0,0,0,2
"C#:(bb3,b5,bb7)/bb7",2,0,0,0,0,0,2
G:7(bb9),2,0,0,0,0,0,2
G:aug(b7)/3,2,0,0,0,0,0,2
Eb:dim/b3,2,0,0,0,0,0,2
Db:aug(7),2,0,0,0,0,0,2
"F##:(bb3,b5,bb7)/b5",2,0,0,0,0,0,2
"G#:(3,b5,b7)/b5",2,0,0,0,0,0,2
"C##:(bb3,b5,bb7)/bb3",2,0,0,0,0,0,2
"G:(3,*5,9)/9",2,0,0,0,0,0,2
"G:(3,4,*5,b7)/3",2,0,0,0,0,0,2
C##:hdim7,2,0,0,0,0,0,2
"D#:(3,b5,bb7,b9)/bb7",2,0,0,0,0,0,2
D#:min7/b3,2,0,0,0,0,0,2
"G:(bb3,b5,bb7)/bb3",2,0,0,0,0,0,2
Gb:min/b3,2,0,0,0,0,0,2
C:aug(7)/7,2,0,0,0,0,0,2
Bb:aug(b7)/#5,2,0,0,0,0,0,2
B:aug/#5,2,0,0,0,0,0,2
G:maj7(#9),1,1,0,0,0,0,0
E:min(9)/7,1,1,0,0,0,0,0
A:maj7/2,1,1,0,0,0,0,0
G:maj/b3,1,1,0,0,0,0,0
Gb:maj/b7,1,1,0,0,0,0,0
B:7(11),1,1,0,0,0,0,0
Bb:(3),1,1,0,0,0,0,0
D:(#5),1,1,0,0,0,0,0
B:min11/5,1,1,0,0,0,0,0
C#:min7/4,1,1,0,0,0,0,0
C#:hdim7/4,1,1,0,0,0,0,0
D:min6/2,1,1,0,0,0,0,0
G#:min/7,1,1,0,0,0,0,0
G#:min/bb7,1,1,0,0,0,0,0
B:maj/6,1,1,0,0,0,0,0
E:min6/2,1,1,0,0,0,0,0
F:7/2,1,1,0,0,0,0,0
G:min11/b3,1,1,0,0,0,0,0
F#:maj/b3,1,1,0,0,0,0,0
Eb:maj6(7),1,1,0,0,0,0,0
Eb:min7/4,1,1,0,0,0,0,0
D:5/5,1,1,0,0,0,0,0
F#:min/b8,1,1,0,0,0,0,0
F#:maj6/6,1,1,0,0,0,0,0
B:sus2(b7),1,1,0,0,0,0,0
"F#:sus4(b13,b7)",1,1,0,0,0,0,0
F#:7(b13),1,1,0,0,0,0,0
"B:min(11,9)",1,1,0,0,0,0,0
"E:min(11,9)",1,1,0,0,0,0,0
C:sus2(#11),1,1,0,0,0,0,0
D:sus4/b7,1,1,0,0,0,0,0
"Bb:(b5,b7,3)",1,1,0,0,0,0,0
C:sus4/7,1,1,0,0,0,0,0
G:sus4/2,1,1,0,0,0,0,0
D:min(11),1,1,0,0,0,0,0
"Eb:maj(9,#11)",1,1,0,0,0,0,0
Db:7/4,1,1,0,0,0,0,0
C:sus4/5,1,1,0,0,0,0,0
Ab:maj13,1,1,0,0,0,0,0
Cb:min6,1,1,0,0,0,0,0
Gb:maj6/5,1,1,0,0,0,0,0
Ab:maj6(7),1,1,0,0,0,0,0
Eb:min9/b7,1,1,0,0,0,0,0
Gb:13,1,1,0,0,0,0,0
Bb:maj6/b7,1,1,0,0,0,0,0
F:sus4(b7)/b7,1,1,0,0,0,0,0
Eb:maj7(#5),1,1,0,0,0,0,0
G:7/b5,1,1,0,0,0,0,0
D:min11/5,1,1,0,0,0,0,0
Db:dim/b3,1,1,0,0,0,0,0
A:7/2,1,1,0,0,0,0,0
A:7/6,1,1,0,0,0,0,0
F:(b3),1,1,0,0,0,0,0
"Bb:7(b9,b13)",1,1,0,0,0,0,0
F#:7/6,1,1,0,0,0,0,0
B:7/6,1,1,0,0,0,0,0
"E:(b5,b7,3)/b5",1,1,0,0,0,0,0
B:sus4(b7)/4,1,1,0,0,0,0,0
B:min7/b2,1,1,0,0,0,0,0
F:min6(9)/5,1,1,0,0,0,0,0
G:5(b7),1,1,0,0,0,0,0
E:(3)/3,1,1,0,0,0,0,0
Bb:maj13,1,1,0,0,0,0,0
F:maj9/4,1,1,0,0,0,0,0
F:maj(b3)/3,1,0,1,0,0,0,0
Bb:maj7(#4)/#4,1,0,1,0,0,0,0
F#:hdim7(4)/4,1,0,1,0,0,0,0
F:hdim7(9),1,0,1,0,0,0,0
F#:aug(7),1,0,1,0,0,0,0
C#:maj(b9)/b9,1,0,1,0,0,0,0
F#:min9(4)/4,1,0,1,0,0,0,0
F#:aug(b5)/b5,1,0,1,0,0,0,0
"Bb:aug(7,9)/9",1,0,1,0,0,0,0
"D:7(#11,#9)",1,0,1,0,0,0,0
"Db:7(#11,#9)",1,0,1,0,0,0,0
"C:7(#11,#9)",1,0,1,0,0,0,0
"C:7(b5,b9)/b5",1,0,1,0,0,0,0
D:maj7(b1)/b1,1,0,1,0,0,0,0
G:minmaj7(9)/9,1,0,1,0,0,0,0
"Db:7(11,b9,13)",1,0,1,0,0,0,0
"Db:aug(b7,9)",1,0,1,0,0,0,0
F:7(b9)/3,1,0,1,0,0,0,0
Bb:min9/b7,1,0,1,0,0,0,0
Gb:7(#6)/#6,1,0,1,0,0,0,0
D:min(9)/9,1,0,1,0,0,0,0
Gb:7(b9),1,0,1,0,0,0,0
D:hdim7(9),1,0,1,0,0,0,0
C:dim(7),1,0,1,0,0,0,0
C:min9/b3,1,0,1,0,0,0,0
Bb:maj(9)/5,1,0,1,0,0,0,0
Ab:minmaj7/7,1,0,1,0,0,0,0
B:7(4),1,0,1,0,0,0,0
E:7(b5)/b5,1,0,1,0,0,0,0
Ab:dim7(3)/3,1,0,1,0,0,0,0
"A:sus4(b7,b9)",1,0,1,0,0,0,0
Eb:dim7(5)/5,1,0,1,0,0,0,0
A:maj(b1)/b1,1,0,1,0,0,0,0
D:7(b9)/5,1,0,1,0,0,0,0
D:minmaj7/7,1,0,1,0,0,0,0
"G:7(4,b9)/4",1,0,1,0,0,0,0
"Bb:7(4,b9)/4",1,0,1,0,0,0,0
B:maj(b1)/b1,1,0,1,0,0,0,0
D:7(b6)/b6,1,0,1,0,0,0,0
F:dim7(b7)/b7,1,0,1,0,0,0,0
A:hdim7(4)/4,1,0,1,0,0,0,0
A#:9,1,0,1,0,0,0,0
"A#:9(11,13)",1,0,1,0,0,0,0
"Db:7(b13,b9,11)",1,0,1,0,0,0,0
G#:maj6,1,0,1,0,0,0,0
"Bb:aug(b7,9)",1,0,1,0,0,0,0
A:maj6(9)/3,1,0,1,0,0,0,0
A:min6/b3,1,0,1,0,0,0,0
"G#:aug(b7,#9,b9)/b9",1,0,1,0,0,0,0
G:9(11),1,0,1,0,0,0,0
C:9(11),1,0,1,0,0,0,0
Gb:maj7/3,1,0,1,0,0,0,0
"F:9(11,b9,13)/b9",1,0,1,0,0,0,0
B:9(b5)/b5,1,0,1,0,0,0,0
"D:7(#11,b9)",1,0,1,0,0,0,0
"A:9(b13,11)/b7",1,0,1,0,0,0,0
Ab:min(4)/4,1,0,1,0,0,0,0
A:min(b6)/b6,1,0,1,0,0,0,0
G#:7(b4)/b4,1,0,1,0,0,0,0
A:min6(9),1,0,1,0,0,0,0
Ab:maj(2)/3,1,0,1,0,0,0,0
Gb:maj(2)/3,1,0,1,0,0,0,0
"Ab:sus4(b7,b9)/4",1,0,1,0,0,0,0
G#:maj9,1,0,1,0,0,0,0
G:maj(4)/3,1,0,1,0,0,0,0
C:min6(9)/9,1,0,1,0,0,0,0
"D:(2,5)",1,0,1,0,0,0,0
E:sus4(b7)/4,1,0,1,0,0,0,0
A:min9(11)/b7,1,0,1,0,0,0,0
A:sus4(6)/6,1,0,1,0,0,0,0
F#:maj(b1)/b1,1,0,1,0,0,0,0
Ab:7(#6)/#6,1,0,1,0,0,0,0
B:min(b6),1,0,1,0,0,0,0
D:9/3,1,0,1,0,0,0,0
Bb:aug(b7)/3,1,0,1,0,0,0,0
D:7(4)/4,1,0,1,0,0,0,0
Gb:maj9/9,1,0,1,0,0,0,0
A:7(6)/6,1,0,1,0,0,0,0
E:maj6/5,1,0,1,0,0,0,0
G:maj9/7,1,0,1,0,0,0,0
"F#:(3,b5,b7,#9)",1,0,1,0,0,0,0
C:min(b5)/b5,1,0,1,0,0,0,0
Bb:7(4)/4,1,0,1,0,0,0,0
G:7(4)/4,1,0,1,0,0,0,0
E:min7(b1)/b1,1,0,1,0,0,0,0
E:min7(bb7)/bb7,1,0,1,0,0,0,0
Ab:maj(#9)/#9,1,0,1,0,0,0,0
F#:min6/6,1,0,1,0,0,0,0
B:min7(bb3)/bb3,1,0,1,0,0,0,0
C:maj6/6,1,0,1,0,0,0,0
D#:(5),1,0,1,0,0,0,0
"E:sus4(b7,13,11,9)/4",1,0,1,0,0,0,0
"Gb:(2,5)",1,0,1,0,0,0,0
D:min(4)/b3,1,0,1,0,0,0,0
C#:minmaj7,1,0,1,0,0,0,0
Cb:maj9(#11),1,0,1,0,0,0,0
"B:(3,b5,b7,b9)",1,0,1,0,0,0,0
"Eb:aug(b7,9)",1,0,1,0,0,0,0
"D:aug(b7,9)",1,0,1,0,0,0,0
G:aug(7)/7,1,0,1,0,0,0,0
"E:(3,b5,b7,b9)",1,0,1,0,0,0,0
E:7(b9)/b9,1,0,1,0,0,0,0
"C:9(b13,11)/3",1,0,1,0,0,0,0
Eb:maj9(#11)/3,1,0,1,0,0,0,0
"Bb:7(11,4,b9,13)/4",1,0,1,0,0,0,0
Ab:maj7(#5)/5,1,0,1,0,0,0,0
A:min7(b9)/b9,1,0,1,0,0,0,0
"Ab:7(#11,b9)",1,0,1,0,0,0,0
"Eb:9(13,#11)",1,0,1,0,0,0,0
B:min9/b7,1,0,1,0,0,0,0
"G:min9(11,4)/4",1,0,1,0,0,0,0
"F#:min9(11,4)/4",1,0,1,0,0,0,0
"E:9(b13,11)/3",1,0,1,0,0,0,0
"Eb:(3,b5,b7)",1,0,1,0,0,0,0
G:maj(b3)/b3,1,0,1,0,0,0,0
G:7(b9)/3,1,0,1,0,0,0,0
B:min6(9)/9,1,0,1,0,0,0,0
C:maj(#1)/#1,1,0,1,0,0,0,0
"B:maj7(#9,b9)",1,0,1,0,0,0,0
B:maj9/9,1,0,1,0,0,0,0
F#:maj9,1,0,1,0,0,0,0
C:7(4)/4,1,0,1,0,0,0,0
E:7(#9)/3,1,0,1,0,0,0,0
D:maj(#5)/#5,1,0,1,0,0,0,0
Gb:aug(7),1,0,1,0,0,0,0
C:9/9,1,0,1,0,0,0,0
Gb:maj6(9)/9,1,0,1,0,0,0,0
F:maj6(9)/9,1,0,1,0,0,0,0
"Bb:(2,5)/5",1,0,1,0,0,0,0
"G:(b3,#5)",1,0,1,0,0,0,0
F#:maj(4)/4,1,0,1,0,0,0,0
Bb:maj(#1)/#1,1,0,1,0,0,0,0
D#:maj(b5)/b5,1,0,1,0,0,0,0
C#:maj(b6)/b6,1,0,1,0,0,0,0
Ab:aug(9)/9,1,0,1,0,0,0,0
Bb:dim(3)/3,1,0,1,0,0,0,0
A:min7(b6)/b6,1,0,1,0,0,0,0
"C#:aug(b7,9)",1,0,1,0,0,0,0
A:min9/9,1,0,1,0,0,0,0
"Eb:7(#11,b9)",1,0,1,0,0,0,0
"D:(3,b5,b7,b9,b13)/b6",1,0,1,0,0,0,0
E:min9(11)/b7,1,0,1,0,0,0,0
A:maj9(#11)/7,1,0,1,0,0,0,0
C#:maj9(#11),1,0,1,0,0,0,0
D:maj9(#11)/9,1,0,1,0,0,0,0
"E:7(#11,b9)",1,0,1,0,0,0,0
Eb/6,1,0,0,1,0,0,0
D:maj(*3),1,0,0,1,0,0,0
C/4,1,0,0,1,0,0,0
"A:(1,2,4)",1,0,0,1,0,0,0
A:min7(*b3),1,0,0,1,0,0,0
D:min7(*b3),1,0,0,1,0,0,0
G/#4,1,0,0,1,0,0,0
B:maj/9,1,0,0,1,0,0,0
F/b7,1,0,0,1,0,0,0
A/6,1,0,0,1,0,0,0
A/b6,1,0,0,1,0,0,0
C/2,1,0,0,1,0,0,0
C:maj(4),1,0,0,1,0,0,0
Bb:dim7/7,1,0,0,1,0,0,0
E:min(2),1,0,0,1,0,0,0
E/b6,1,0,0,1,0,0,0
D:sus4(9),1,0,0,1,0,0,0
"B:(b3,5)",1,0,0,1,0,0,0
A:min(*5),1,0,0,1,0,0,0
C#/3,1,0,0,1,0,0,0
F#:dim/b7,1,0,0,1,0,0,0
C#:min/4,1,0,0,1,0,0,0
"E:aug(9,11)",1,0,0,1,0,0,0
D:maj(11),1,0,0,1,0,0,0
G:(b6),1,0,0,1,0,0,0
Cb/5,1,0,0,1,0,0,0
C:(3),1,0,0,1,0,0,0
A:maj(2),1,0,0,1,0,0,0
E:sus4/5,1,0,0,1,0,0,0
"Bb:(1,5)",1,0,0,1,0,0,0
"G#:(1,5)",1,0,0,1,0,0,0
Bb:min(9),1,0,0,1,0,0,0
Eb:(1),1,0,0,1,0,0,0
B:sus2,1,0,0,1,0,0,0
G#:(1),1,0,0,1,0,0,0
Ab/b7,1,0,0,1,0,0,0
"E:(1,b7)",1,0,0,1,0,0,0
F:min/3,1,0,0,1,0,0,0
Db/7,1,0,0,1,0,0,0
G/4,1,0,0,1,0,0,0
Bb/b7,1,0,0,1,0,0,0
Eb:maj(13),1,0,0,1,0,0,0
Ab:(1),1,0,0,1,0,0,0
Eb/4,1,0,0,1,0,0,0
E:min/7,1,0,0,1,0,0,0
"D:(4,b7,9)",1,0,0,1,0,0,0
D/4,1,0,0,1,0,0,0
G/6,1,0,0,1,0,0,0
Bb:dim/5,1,0,0,1,0,0,0
C#:min/6,1,0,0,1,0,0,0
E:min7/4,1,0,0,1,0,0,0
Db/#4,1,0,0,1,0,0,0
D:min7/7,1,0,0,1,0,0,0
C:min7/4,1,0,0,1,0,0,0
Bb:7/2,1,0,0,1,0,0,0
G:(7),1,0,0,1,0,0,0
G:(6),1,0,0,1,0,0,0
G/b7,1,0,0,1,0,0,0
E/#4,1,0,0,1,0,0,0
"A:7(*5,13)",1,0,0,1,0,0,0
F:maj9(*7),1,0,0,1,0,0,0
"G:(1,b3,4)/b3",1,0,0,1,0,0,0
G:min(4),1,0,0,1,0,0,0
E:sus4(2),1,0,0,1,0,0,0
"E:(1,b7)/b7",1,0,0,1,0,0,0
"C#:(1,b3)",1,0,0,1,0,0,0
"C#:(1,b3)/b3",1,0,0,1,0,0,0
"G:9(*3,11)",1,0,0,1,0,0,0
E:min(*3)/5,1,0,0,1,0,0,0
C#:maj7(*b5),1,0,0,1,0,0,0
E:min(*5)/b7,1,0,0,1,0,0,0
"F#:(1,4,b5)",1,0,0,1,0,0,0
E:min(*b3)/5,1,0,0,1,0,0,0
C:maj7(*5),1,0,0,1,0,0,0
E:min7(*5)/b7,1,0,0,1,0,0,0
"E:(1,2,5,b6)",1,0,0,1,0,0,0
A:7/b6,1,0,0,0,1,0,0
"Bb:(3,5,b7,#9,11,13)",1,0,0,0,0,1,0
"Eb:(3,5,b7,9,11,13)",1,0,0,0,0,1,0
"Ab:(3,#5,b7,9)",1,0,0,0,0,1,0
"Eb:(3,5,7,#9,#11)",1,0,0,0,0,1,0
"Db:(3,5,7,9,#11)",1,0,0,0,0,1,0
F:maj7/#4,1,0,0,0,0,1,0
"Ab:(3,5,6,9)",1,0,0,0,0,1,0
"A:(3,5,b7,9,#11)",1,0,0,0,0,1,0
F:7/9,1,0,0,0,0,1,0
F:7/#4,1,0,0,0,0,1,0
"A:(3,5,7,9,#11)/b1",1,0,0,0,0,1,0
"Db:(b3,5,6,9)/5",1,0,0,0,0,1,0
"Db:(b3,5,6,9)/1",1,0,0,0,0,1,0
"Eb:(b3,5,b7,9,11)",1,0,0,0,0,1,0
"Db:(4,5,b7,9,11,13)",1,0,0,0,0,1,0
"G:(3,5,b7,#9,11,13)",1,0,0,0,0,1,0
"Ab:(3,#5,7)",1,0,0,0,0,1,0
"Ab:(3,5,b7,9,11)",1,0,0,0,0,1,0
"A#:(3,5,b7,b9)",1,0,0,0,0,1,0
"D#:(3,5,b7,9,11,13)",1,0,0,0,0,1,0
"C#:(4,5,b7,9)",1,0,0,0,0,1,0
"Ab:(3,5,b7,9,11,13)",1,0,0,0,0,1,0
"E:(4,5,b7,9)",1,0,0,0,0,1,0
"Eb:(3,#5,b7)",1,0,0,0,0,1,0
"G:(b3,5,b7,b9)",1,0,0,0,0,1,0
"Eb:(3,5,6,9)",1,0,0,0,0,1,0
F:aug(7)/#5,1,0,0,0,0,0,1
"A#:(bb3,b5,bb7)/bb7",1,0,0,0,0,0,1
G:min(*1)/b3,1,0,0,0,0,0,1
F:maj(*1)/3,1,0,0,0,0,0,1
"C:(*3,5,b7)/5",1,0,0,0,0,0,1
Bb:dim7/b3,1,0,0,0,0,0,1
G:aug(b7)/b7,1,0,0,0,0,0,1
Bbb:maj7/7,1,0,0,0,0,0,1
"F#:(*3,5)/5",1,0,0,0,0,0,1
"Eb:(*3,5,b7)",1,0,0,0,0,0,1
"E:(*3,*5,bb7)",1,0,0,0,0,0,1
"C#:(*3,b5,bb7)/b5",1,0,0,0,0,0,1
"D:(b3,*5,b7)/b3",1,0,0,0,0,0,1
"D:(*3,5,b7)/b7",1,0,0,0,0,0,1
"G:(*3,5,b7)",1,0,0,0,0,0,1
"C#:(bb3,b5)",1,0,0,0,0,0,1
"B:(*3,b5,bb7)",1,0,0,0,0,0,1
F:dim7/b5,1,0,0,0,0,0,1
Bb:maj(4),1,0,0,0,0,0,1
B#:hdim7/b3,1,0,0,0,0,0,1
"A#:(b3,*5,bb7)",1,0,0,0,0,0,1
Bb:aug(7)/3,1,0,0,0,0,0,1
"D:(*3,*5,b7,b7)",1,0,0,0,0,0,1
F#:9/3,1,0,0,0,0,0,1
"Bb:(3,*5,b7,9)",1,0,0,0,0,0,1
"G#:(3,*5,b7,9)",1,0,0,0,0,0,1
"D:(3,*5,b7,9)",1,0,0,0,0,0,1
B:min7(b9),1,0,0,0,0,0,1
"C#:(*3,b5,b7)",1,0,0,0,0,0,1
F:aug(7)/3,1,0,0,0,0,0,1
D#:min7/5,1,0,0,0,0,0,1
A#:min7/b7,1,0,0,0,0,0,1
A#:min7/5,1,0,0,0,0,0,1
E#:min7,1,0,0,0,0,0,1
E#:min7/5,1,0,0,0,0,0,1
B#:min7/b7,1,0,0,0,0,0,1
G##:dim/b3,1,0,0,0,0,0,1
E#:7/5,1,0,0,0,0,0,1
"D#:(b3,*5,b7)/b7",1,0,0,0,0,0,1
D#:maj(b9)/5,1,0,0,0,0,0,1
B:aug(9)/#5,1,0,0,0,0,0,1
F##:min,1,0,0,0,0,0,1
"C#:dim(7,b9)/b3",1,0,0,0,0,0,1
F#:hdim7(bb9),1,0,0,0,0,0,1
Bbb:maj7/3,1,0,0,0,0,0,1
A:dim(b9)/b9,1,0,0,0,0,0,1
"F#:(bb3,b5)/b5",1,0,0,0,0,0,1
G:aug(7)/#5,1,0,0,0,0,0,1
A#:hdim7/b5,1,0,0,0,0,0,1
"Ab:(3,*5,7,9)",1,0,0,0,0,0,1
"D:(3,*5,b7)",1,0,0,0,0,0,1
"Db:(*3,5)/5",1,0,0,0,0,0,1
"E#:(*3,b5)",1,0,0,0,0,0,1
Fbb:maj,1,0,0,0,0,0,1
Cbb:maj7,1,0,0,0,0,0,1
Fbb:maj7,1,0,0,0,0,0,1
"A:(3,*5,b7)",1,0,0,0,0,0,1
"F#:(*3,5,b7)/b7",1,0,0,0,0,0,1
C#:hdim7(b9),1,0,0,0,0,0,1
"B:(*3,5)",1,0,0,0,0,0,1
B:aug(7),1,0,0,0,0,0,1
F##:dim,1,0,0,0,0,0,1
"C:(3,*5,b7)",1,0,0,0,0,0,1
Eb:min(bb7)/b3,1,0,0,0,0,0,1
"Bb:(bb3,5)",1,0,0,0,0,0,1
C:7(b9)/b7,1,0,0,0,0,0,1
Dbb:maj7,1,0,0,0,0,0,1
"E#:(b3,*5,b7)",1,0,0,0,0,0,1
"G#:(*3,5)/5",1,0,0,0,0,0,1
"A#:(3,*5,b7)",1,0,0,0,0,0,1
"G#:(*3,b5)",1,0,0,0,0,0,1
"G#:(*3,5)",1,0,0,0,0,0,1
"C#:(*3,5)",1,0,0,0,0,0,1
"D:(3,*5,7,9)/3",1,0,0,0,0,0,1
"C#:(3,*5)",1,0,0,0,0,0,1
"E:(*3,b5)",1,0,0,0,0,0,1
"Db:(*3,5)",1,0,0,0,0,0,1
C:maj(b6),1,0,0,0,0,0,1
"Ab:(*3,4,*5,b6,9)",1,0,0,0,0,0,1
"Bb:(*3,5)",1,0,0,0,0,0,1
Cb:min/5,1,0,0,0,0,0,1
A#:min/5,1,0,0,0,0,0,1
Eb:min(bb7),1,0,0,0,0,0,1
Cb:maj7/7,1,0,0,0,0,0,1
Ebb:7,1,0,0,0,0,0,1
"B#:(bb3,b5,bb7)",1,0,0,0,0,0,1
F#:aug/3,1,0,0,0,0,0,1
"A#:(bb3,b5,bb7)",1,0,0,0,0,0,1
"E:(bb3,b5,bb7)",1,0,0,0,0,0,1
Bbb:7/3,1,0,0,0,0,0,1
F##:min7,1,0,0,0,0,0,1
D:7(4),1,0,0,0,0,0,1
G##:dim7,1,0,0,0,0,0,1
C##:dim7/bb7,1,0,0,0,0,0,1
B##:min/5,1,0,0,0,0,0,1
Abb:maj7,1,0,0,0,0,0,1
Ab:hdim7/b5,1,0,0,0,0,0,1
Db:hdim7/b5,1,0,0,0,0,0,1
Cb:7/3,1,0,0,0,0,0,1
Fb:min,1,0,0,0,0,0,1
Fbb:maj/3,1,0,0,0,0,0,1
D##:dim/b3,1,0,0,0,0,0,1
E#:7/3,1,0,0,0,0,0,1
C###:maj/3,1,0,0,0,0,0,1
F##:7,1,0,0,0,0,0,1
A##:dim/b3,1,0,0,0,0,0,1
B#:min/5,1,0,0,0,0,0,1
A##:dim7/b5,1,0,0,0,0,0,1
A##:dim7,1,0,0,0,0,0,1
Db:min7/b3,1,0,0,0,0,0,1
C:7(bb9),1,0,0,0,0,0,1
Ab:aug(b7)/3,1,0,0,0,0,0,1
Bbb:dim/b5,1,0,0,0,0,0,1
Abbb:maj/3,1,0,0,0,0,0,1
Ebb:min/b3,1,0,0,0,0,0,1
Ebbb:maj,1,0,0,0,0,0,1
Ab:dim/b5,1,0,0,0,0,0,1
"D#:(bb3,b5,bb7)/b5",1,0,0,0,0,0,1
"A#:(bb3,b5)/b5",1,0,0,0,0,0,1
"G:(3,*5,b7,9)/b7",1,0,0,0,0,0,1
"D:(3,*5,9)/3",1,0,0,0,0,0,1
"F##:(bb3,b5)/bb3",1,0,0,0,0,0,1
E#:maj/5,1,0,0,0,0,0,1
"D#:(*3,5)/5",1,0,0,0,0,0,1
C:aug(7)/3,1,0,0,0,0,0,1
"G:(*3,5,b7)/b7",1,0,0,0,0,0,1
"F#:(*3,b5,bb7)/bb7",1,0,0,0,0,0,1
E#:hdim7/b7,1,0,0,0,0,0,1
Fb:maj(#9),1,0,0,0,0,0,1
E:aug/#5,1,0,0,0,0,0,1
"Bb:(*3,5,b7)",1,0,0,0,0,0,1
"F#:(*3,b5,b7)/b7",1,0,0,0,0,0,1
"G:(*3,5,7)/7",1,0,0,0,0,0,1
"E:(b3,*5,b7)/b7",1,0,0,0,0,0,1
"A:(b3,*5,b7)/b3",1,0,0,0,0,0,1
"C:(*3,5,7)/7",1,0,0,0,0,0,1
"F#:(b3,*5,bb7)/b3",1,0,0,0,0,0,1
Bb:aug(b7)/b7,1,0,0,0,0,0,1
D:min7(b9),1,0,0,0,0,0,1
"F:(b3,*5,b7)/b7",1,0,0,0,0,0,1
"Eb:(*3,5,9)/5",1,0,0,0,0,0,1
"Fb:(*3,5,9)/5",1,0,0,0,0,0,1
Gb:maj(9)/3,1,0,0,0,0,0,1
"F:(3,*5,b7)",1,0,0,0,0,0,1
