Chord,Fixed_Chord,Total_Count,billboard,ireal-pro,isophonics,weimar-jazz
C:maj,C:maj,10348,7598,2478,89,183
G:maj,G:maj,10322,7639,2503,73,107
D:maj,D:maj,9649,7268,2270,103,8
A:maj,A:maj,9000,7326,1616,39,19
E:maj,E:maj,7362,5784,1570,8,0
F:maj,F:maj,7136,5151,1785,37,163
G:7,G:7,6845,1186,4086,201,1372
C:7,C:7,6699,1023,4249,106,1321
N,N,6222,4793,643,545,241
F:7,F:7,5987,987,3190,104,1706
G:min7,G:min7,5889,896,3840,102,1051
Bb:7,Bb:7,5860,451,3516,78,1815
Bb:maj,Bb:maj,5758,4321,1235,53,149
D:7,D:7,5412,1120,3234,166,892
A:min7,A:min7,5228,1167,3402,147,512
D:min7,D:min7,5138,1038,3391,45,664
C:min7,C:min7,4810,760,2856,51,1143
F:min7,F:min7,4431,504,2935,55,937
Ab:maj,Ab:maj,4109,2941,964,61,143
Eb:7,Eb:7,4070,551,2135,49,1335
A:7,A:7,4069,952,2477,149,491
Eb:maj,Eb:maj,3962,2489,1283,40,150
A:min,A:min,3729,2039,1139,512,39
B:maj,B:maj,3633,2832,789,10,2
E:7,E:7,3389,1019,1957,121,292
E:min7,E:min7,3348,1026,1987,57,278
D:min,D:min,3194,1891,958,273,72
E:min,E:min,3157,1928,781,444,4
F:maj7,F:maj7,2932,450,2052,51,379
B:min,B:min,2651,1899,399,351,2
Ab:7,Ab:7,2625,535,1307,12,771
Eb:maj7,Eb:maj7,2574,178,1913,5,478
Bb:min7,Bb:min7,2470,429,1559,16,466
B:min7,B:min7,2427,785,1476,48,118
Db:maj,Db:maj,2344,1707,533,19,85
B:7,B:7,2307,743,1290,70,204
C:maj7,C:maj7,2281,360,1651,22,248
G:min,G:min,2185,1148,760,172,105
Bb:maj7,Bb:maj7,2148,244,1432,16,456
Eb:min7,Eb:min7,2004,543,1012,7,442
G:maj7,G:maj7,1873,317,1302,41,213
C:min,C:min,1841,824,651,252,114
A,A:maj,1838,0,0,1838,0
Db:7,Db:7,1768,465,926,4,373
Ab:maj7,Ab:maj7,1704,211,1189,13,291
F:min,F:min,1694,806,511,217,160
G,G:maj,1684,0,0,1684,0
F#:min7,F#:min7,1681,584,945,65,87
F#:min,F#:min,1577,809,450,313,5
D,D:maj,1568,0,0,1568,0
Gb:maj,Gb:maj,1462,1009,434,2,17
C#:min,C#:min,1359,831,342,183,3
D:maj7,D:maj7,1311,299,826,32,154
F#:maj,F#:maj,1239,980,256,1,2
F:maj6,F:maj6,1188,95,960,22,111
E,E:maj,1140,0,0,1140,0
C,C:maj,1139,0,0,1139,0
Db:maj7,Db:maj7,1113,138,715,7,253
C#:min7,C#:min7,1053,426,575,9,43
C:maj6,C:maj6,1003,70,863,18,52
F#:7,F#:7,905,386,455,11,53
Bb:maj6,Bb:maj6,884,95,639,11,139
Eb:maj6,Eb:maj6,844,32,737,7,68
Gb:7,Gb:7,797,203,335,9,250
Bb:min,Bb:min,791,389,263,81,58
D:maj/5,D:maj/5,762,636,126,0,0
Ab:min7,Ab:min7,750,145,492,2,111
A:hdim7,A:hdim7,747,1,539,0,207
D:hdim7,D:hdim7,701,46,450,0,205
A:maj7,A:maj7,654,146,446,2,60
E:hdim7,E:hdim7,647,5,486,0,156
Eb:min,Eb:min,643,319,275,17,32
F,F:maj,593,0,0,593,0
E:maj7,E:maj7,579,102,406,15,56
D:7(b9),D:7(b9),577,3,574,0,0
G:hdim7,G:hdim7,562,6,394,0,162
G:maj6,G:maj6,543,66,417,16,44
E:min9,E:min9,539,237,293,3,6
B:hdim7,B:hdim7,537,5,465,0,67
C:7(b9),C:7(b9),533,2,530,1,0
B,B:maj,530,0,0,530,0
Gb:maj7,Gb:maj7,517,86,370,1,60
C:sus4,C:sus4,511,350,96,8,57
B:maj7,B:maj7,509,93,340,6,70
F:maj/3,F:maj/3,507,317,172,0,18
G#:min7,G#:min7,504,199,293,12,0
Ab:maj6,Ab:maj6,494,83,311,6,94
G:7(b9),G:7(b9),482,6,476,0,0
G:5,G:5,481,481,0,0,0
D:maj/3,D:maj/3,477,248,220,0,9
A:7(b9),A:7(b9),474,13,461,0,0
G#:min,G#:min,466,189,209,68,0
F:maj/5,F:maj/5,448,350,94,0,4
A:maj/5,A:maj/5,427,266,161,0,0
D:5,D:5,416,416,0,0,0
A:5,A:5,414,414,0,0,0
Bb,Bb:maj,411,0,0,411,0
C:maj/5,C:maj/5,406,273,125,0,8
E:maj/3,E:maj/3,406,307,99,0,0
E:7(b9),E:7(b9),395,27,367,1,0
E:1/1,E:1/1,389,389,0,0,0
G:maj/3,G:maj/3,387,162,223,1,1
D:maj6,D:maj6,387,142,161,78,6
G:maj/5,G:maj/5,361,218,139,2,2
A:sus4(b7),A:sus4(b7),357,137,218,2,0
C:maj(9),C:maj(9),351,266,79,6,0
G:sus4(b7),G:sus4(b7),345,114,228,3,0
G:sus4,G:sus4,338,133,138,63,4
G:min6,G:min6,337,23,227,0,87
F#:hdim7,F#:hdim7,336,30,276,9,21
D:sus4,D:sus4,333,174,136,23,0
G:maj(9),G:maj(9),331,303,28,0,0
D:9,D:9,325,13,255,15,42
Db:min7,Db:min7,319,91,119,0,109
F:min9,F:min9,319,91,214,0,14
E:7(#9),E:7(#9),316,165,148,3,0
F:min6,F:min6,312,11,248,20,33
Bb:maj/3,Bb:maj/3,309,96,213,0,0
D:sus4(b7),D:sus4(b7),302,112,180,10,0
A:1/1,A:1/1,301,301,0,0,0
C#:7,C#:7,299,108,164,17,10
C:5,C:5,298,298,0,0,0
C:maj9,C:maj9,297,117,179,1,0
A:maj/3,A:maj/3,291,205,86,0,0
D:min6,D:min6,288,47,152,15,74
C:7(#9),C:7(#9),284,132,152,0,0
C:maj/3,C:maj/3,281,189,90,1,1
Ab:7(#9),Ab:7(#9),280,274,6,0,0
E:9,E:9,277,82,159,35,1
Bb:maj/5,Bb:maj/5,275,180,93,0,2
A:min9,A:min9,274,61,201,5,7
Ab:min,Ab:min,273,113,120,33,7
D:1/1,D:1/1,259,259,0,0,0
B:sus4(b7),B:sus4(b7),256,127,129,0,0
C#:maj,C#:maj,254,177,77,0,0
Bb:sus4(b7),Bb:sus4(b7),254,41,213,0,0
A:maj(9),A:maj(9),251,119,131,1,0
C:9,C:9,250,14,192,18,26
D#:min,D#:min,250,140,100,10,0
F:sus4(b7),F:sus4(b7),249,65,184,0,0
C:hdim7,C:hdim7,249,19,166,0,64
A:9,A:9,248,39,197,9,3
Eb,Eb:maj,248,0,0,248,0
B:dim7,B:dim7,245,0,196,14,35
E:maj/5,E:maj/5,244,162,80,0,2
Eb:7(#9),Eb:7(#9),244,183,61,0,0
F#:min9,F#:min9,244,17,222,5,0
B:7(b9),B:7(b9),242,18,224,0,0
A:maj6,A:maj6,241,128,90,21,2
C:sus4(b7),C:sus4(b7),241,85,152,4,0
G:min9,G:min9,239,26,186,8,19
D:maj9,D:maj9,235,41,169,25,0
Ab,Ab:maj,235,0,0,235,0
B:sus4,B:sus4,234,80,77,3,74
C:min6,C:min6,233,2,183,3,45
C#:min9,C#:min9,232,129,103,0,0
F:maj(9),F:maj(9),230,197,25,8,0
Eb:maj9,Eb:maj9,230,63,167,0,0
A:sus4,A:sus4,229,109,87,33,0
Db:maj6,Db:maj6,229,67,82,1,79
E:dim7,E:dim7,222,18,164,0,40
Bb:min6,Bb:min6,221,17,137,0,67
B:1/1,B:1/1,219,219,0,0,0
Ab:maj/3,Ab:maj/3,218,140,75,0,3
D:min/b3,D:min/b3,216,134,54,28,0
F:5,F:5,215,215,0,0,0
F:7(b9),F:7(b9),214,21,191,2,0
D:min/5,D:min/5,210,181,8,21,0
F:sus4,F:sus4,210,153,50,0,7
D/5,D:maj/5,206,0,0,206,0
F#:5,F#:5,203,203,0,0,0
F:maj9,F:maj9,202,79,122,1,0
Ab:dim7,Ab:dim7,200,0,175,0,25
E:sus4,E:sus4,199,47,148,4,0
"A:9(11,13)","A:9(11,13)",194,0,194,0,0
D:maj(9),D:maj(9),193,102,84,7,0
F#,F#:maj,193,0,0,193,0
F:hdim7,F:hdim7,191,12,104,0,75
G:maj(9)/9,G:maj(9)/9,191,0,191,0,0
E:(5),E:5,191,0,191,0,0
Eb:min9,Eb:min9,190,69,97,0,24
B:9,B:9,188,41,121,23,3
"D:sus4(b7,9)","D:sus4(b7,9)",188,109,79,0,0
E:sus4(b7),E:sus4(b7),185,83,94,8,0
A:min7/b7,A:min7/b7,184,49,135,0,0
"G:sus4(b7,9)","G:sus4(b7,9)",180,139,41,0,0
Eb:maj/5,Eb:maj/5,179,123,54,0,2
Ab:1/1,Ab:1/1,178,178,0,0,0
Db:maj/5,Db:maj/5,177,145,28,0,4
D:min7/b7,D:min7/b7,177,27,132,16,2
Gb:maj6,Gb:maj6,172,74,98,0,0
G:1/1,G:1/1,171,171,0,0,0
F#:dim7,F#:dim7,170,3,157,0,10
C#:1/1,C#:1/1,167,167,0,0,0
D:7(#9),D:7(#9),167,20,117,30,0
Eb:9,Eb:9,166,24,103,8,31
Bb:sus4,Bb:sus4,165,48,66,1,50
E:5,E:5,164,164,0,0,0
D:min9,D:min9,164,37,111,8,8
Ab:maj/5,Ab:maj/5,163,94,69,0,0
A:11,A:11,163,163,0,0,0
G:9,G:9,162,36,93,17,16
"A:9(b13,11)","A:9(b13,11)",162,0,162,0,0
A:min/b7,A:min/b7,161,134,0,23,4
A:min6,A:min6,159,30,122,3,4
B:5,B:5,158,158,0,0,0
Gb:min7,Gb:min7,157,2,90,0,65
G#:7,G#:7,152,40,103,7,2
F:9,F:9,151,38,90,7,16
B:min9,B:min9,151,24,127,0,0
"Bb:9(11,13)","Bb:9(11,13)",151,0,151,0,0
D:maj/2,D:maj/2,150,147,0,3,0
Bb:9(#11),Bb:9(#11),148,0,148,0,0
Eb:sus4,Eb:sus4,147,91,53,2,1
D#:min7,D#:min7,146,50,92,0,4
C:min9,C:min9,144,40,92,2,10
"B:9(11,13)","B:9(11,13)",143,0,143,0,0
Cb:maj,B:maj,142,70,72,0,0
Eb:dim7,Eb:dim7,142,0,137,0,5
Bb:1/1,Bb:1/1,141,141,0,0,0
E:maj6,E:maj6,140,42,76,22,0
F:7(#9),F:7(#9),140,84,56,0,0
"G:9(11,13)","G:9(11,13)",139,0,139,0,0
"E:sus4(b7,9)","E:sus4(b7,9)",137,113,24,0,0
"F:sus4(b7,9)","F:sus4(b7,9)",135,89,46,0,0
G:aug(b7),G:aug(b7),134,7,127,0,0
A:min/4,A:min/4,134,132,0,2,0
C:maj/4,C:maj/4,134,133,0,0,1
Eb:maj/3,Eb:maj/3,133,40,84,0,9
C#:dim7,C#:dim7,133,8,121,0,4
Eb:min6,Eb:min6,133,6,99,0,28
D:min9(11),D:min9(11),133,0,133,0,0
C:maj/2,C:maj/2,132,132,0,0,0
Bb:7(b9),Bb:7(b9),132,15,117,0,0
"D:(3,5,b7,b9)",D:7(b9),132,0,0,0,132
C:1/1,C:1/1,131,131,0,0,0
F:min7/5,F:min7/5,131,99,32,0,0
Db,Db:maj,130,0,0,130,0
F#:sus4(b7),F#:sus4(b7),129,63,65,1,0
C:7/3,C:7/3,128,39,73,9,7
C:min7/b7,C:min7/b7,128,0,122,0,6
Ab:min6,Ab:min6,127,20,102,0,5
Bb:9,Bb:9,127,20,95,0,12
A:min/6,A:min/6,127,113,0,14,0
F:maj(9)/9,F:maj(9)/9,127,0,120,7,0
Ab:sus4(b7),Ab:sus4(b7),126,37,89,0,0
"A:sus4(b7,9)","A:sus4(b7,9)",126,109,17,0,0
A:min/b3,A:min/b3,126,50,43,33,0
D#:7,D#:7,126,23,76,4,23
Db:9(#11),Db:9(#11),126,0,126,0,0
"F:9(11,13)","F:9(11,13)",126,0,126,0,0
"C:(3,5,b7,b9)",C:7(b9),126,0,0,0,126
Eb:13,Eb:13,125,125,0,0,0
X,X,124,124,0,0,0
E:aug(b7),E:aug(b7),124,86,38,0,0
"Eb:sus4(b7,9)","Eb:sus4(b7,9)",123,54,69,0,0
Bb:maj9,Bb:maj9,123,40,75,0,8
"G:9(b13,11)","G:9(b13,11)",122,0,122,0,0
G#:maj,G#:maj,120,107,13,0,0
Db:maj(9),Db:maj(9),119,84,35,0,0
"Ab:sus4(b7,9)","Ab:sus4(b7,9)",119,103,16,0,0
E:min7/b7,E:min7/b7,119,0,102,17,0
C:maj6(9),C:maj6(9),118,31,87,0,0
Ab:9,Ab:9,117,54,36,0,27
G:maj/2,G:maj/2,117,117,0,0,0
D:7/b7,D:7/b7,116,23,93,0,0
Db:9,Db:9,116,3,107,0,6
F:maj/2,F:maj/2,115,115,0,0,0
Ab:9(#11),Ab:9(#11),115,0,115,0,0
G/3,G:maj/3,115,0,0,115,0
A:maj/2,A:maj/2,114,114,0,0,0
Ab:maj(9)/9,Ab:maj(9)/9,114,0,114,0,0
C#:hdim7,C#:hdim7,113,7,98,8,0
F#:sus4,F#:sus4,112,39,21,52,0
B:maj6,B:maj6,111,34,71,6,0
Db:dim7,Db:dim7,111,0,74,0,37
A:maj9,A:maj9,110,88,22,0,0
Bb:maj/2,Bb:maj/2,110,110,0,0,0
A:7(#9),A:7(#9),108,8,93,7,0
D:maj(9)/9,D:maj(9)/9,107,0,107,0,0
F#:1/1,F#:1/1,106,106,0,0,0
F:min/5,F:min/5,106,31,31,32,12
"F#:sus4(b7,9)","F#:sus4(b7,9)",106,102,4,0,0
G:maj9,G:maj9,106,75,30,1,0
Eb:7(b9),Eb:7(b9),106,0,106,0,0
F:dim7,F:dim7,106,0,96,0,10
B:min/b7,B:min/b7,105,99,0,6,0
E:maj/b7,E:maj/b7,105,105,0,0,0
Gb:dim7,Gb:dim7,105,0,99,0,6
Bb:maj9(#11),Bb:maj9(#11),105,0,105,0,0
Eb:sus4(b7),Eb:sus4(b7),104,27,77,0,0
G:7/3,G:7/3,104,16,85,2,1
Bb:7/5,Bb:7/5,104,69,35,0,0
C:min9(11),C:min9(11),104,0,104,0,0
Ab:maj(9),Ab:maj(9),103,59,41,3,0
B:9(#11),B:9(#11),103,0,103,0,0
E:7/b7,E:7/b7,102,20,80,2,0
E:min/b3,E:min/b3,100,57,22,21,0
G:dim7,G:dim7,100,18,73,4,5
Eb:maj6(9),Eb:maj6(9),100,8,92,0,0
G:9(#11),G:9(#11),99,0,99,0,0
E:min/b7,E:min/b7,98,78,0,20,0
A:dim7,A:dim7,98,1,83,9,5
Bb:min9,Bb:min9,97,47,39,0,11
A:7/3,A:7/3,96,12,75,9,0
"Bb:sus4(b7,9)","Bb:sus4(b7,9)",96,72,24,0,0
E:maj9,E:maj9,96,10,86,0,0
Bb:maj(9)/9,Bb:maj(9)/9,96,0,85,11,0
A/3,A:maj/3,96,0,0,96,0
D:maj/b7,D:maj/b7,95,91,0,0,4
Bb:dim7,Bb:dim7,95,0,88,0,7
Eb:maj(9),Eb:maj(9),94,24,70,0,0
C:9(#11),C:9(#11),94,3,91,0,0
G#:hdim7,G#:hdim7,93,8,60,11,14
Eb:9(#11),Eb:9(#11),93,0,93,0,0
F:(5),F:5,93,0,93,0,0
Bb:aug(b7),Bb:aug(b7),92,7,85,0,0
A:5(b7),A:5(b7),92,92,0,0,0
"Bb:(2,5)",Bb:sus2,92,0,92,0,0
Db:maj/3,Db:maj/3,91,34,56,0,1
G:min/5,G:min/5,91,37,20,34,0
"C:9(b13,11)","C:9(b13,11)",91,0,91,0,0
G:(5),G:5,90,0,90,0,0
D:maj6(9),D:maj6(9),89,10,79,0,0
"B:sus4(b7,9)","B:sus4(b7,9)",88,81,7,0,0
"D:9(b13,11)","D:9(b13,11)",88,0,88,0,0
C:maj(9)/9,C:maj(9)/9,88,0,88,0,0
"Eb:(3,5,7,9,#11)","Eb:maj7(9,#11)",88,0,0,0,88
B:min7/b7,B:min7/b7,86,41,45,0,0
F:aug(b7),F:aug(b7),86,0,86,0,0
C/5,C:maj/5,86,0,0,86,0
B:maj/5,B:maj/5,85,55,30,0,0
E:maj(4)/4,E:maj(4)/4,85,0,85,0,0
"C:sus4(b7,9)","C:sus4(b7,9)",84,65,19,0,0
C:aug(b7),C:aug(b7),83,4,79,0,0
G:min7/b7,G:min7/b7,83,1,82,0,0
A:maj/4,A:maj/4,82,82,0,0,0
Ab:maj9,Ab:maj9,82,11,57,4,10
Eb:min11,Eb:min11,82,82,0,0,0
G:7/b7,G:7/b7,82,15,67,0,0
F:min7/b7,F:min7/b7,82,0,82,0,0
Bb:hdim7,Bb:hdim7,81,3,61,0,17
"E:(3,b5,b7,b9,b13)","E:7(b9,b13,#11)",81,0,44,0,37
Eb:1/1,Eb:1/1,80,80,0,0,0
D:7/3,D:7/3,80,25,50,0,5
E:min/5,E:min/5,79,20,24,35,0
B:maj9,B:maj9,79,64,15,0,0
Fb:maj,E:maj,79,79,0,0,0
E:min9(11),E:min9(11),77,0,77,0,0
G:min/b3,G:min/b3,76,21,40,15,0
Ab:min7/b7,Ab:min7/b7,76,0,76,0,0
"F:(4,5,b7,9,11,13)","F:sus4(9,11,13)",76,0,0,0,76
F#:dim,F#:dim,75,24,14,21,16
F:1/1,F:1/1,75,75,0,0,0
Gb:maj9(#11),Gb:maj9(#11),75,2,73,0,0
E:maj9(#11),E:maj9(#11),75,0,75,0,0
E:7/3,E:7/3,74,23,47,4,0
E:maj6(9),E:maj6(9),74,42,32,0,0
G#:dim7,G#:dim7,74,0,70,1,3
C#,C#:maj,74,0,0,74,0
Bb:5,Bb:5,73,73,0,0,0
Ab:min9,Ab:min9,73,45,26,0,2
F:9(#11),F:9(#11),73,1,72,0,0
D:9(#11),D:9(#11),73,0,73,0,0
D:aug(b7),D:aug(b7),73,0,73,0,0
E:min7(4)/4,E:min7(4)/4,73,0,73,0,0
"G:(3,5,b7,b9)",G:7(b9),73,0,0,0,73
C:min/b3,C:min/b3,72,42,28,2,0
A:sus2,A:sus2,71,58,0,13,0
Db:min9,Db:min9,71,40,31,0,0
"Gb:9(11,13)","Gb:9(11,13)",71,0,71,0,0
Bb:(5),Bb:5,71,0,71,0,0
Db:(5),Db:5,71,0,71,0,0
"F:(4,5,b7)",F:sus4,71,0,0,0,71
D:maj/7,D:maj/7,70,70,0,0,0
E:maj(9),E:maj(9),70,0,70,0,0
B:maj(bb6)/bb6,B:maj(bb6)/bb6,70,0,70,0,0
Db:maj/2,Db:maj/2,69,69,0,0,0
C:7/b7,C:7/b7,69,9,58,2,0
C:maj9(#11),C:maj9(#11),69,3,66,0,0
E:maj/2,E:maj/2,68,68,0,0,0
C#:7(#9),C#:7(#9),68,7,61,0,0
F#:7(b9),F#:7(b9),68,0,68,0,0
D/3,D:maj/3,68,0,0,68,0
Gb:maj/5,Gb:maj/5,66,54,12,0,0
B:dim,B:dim,66,10,12,12,32
E:5(b7),E:5(b7),66,66,0,0,0
F:maj9(#11),F:maj9(#11),66,0,66,0,0
Gb:1/1,Gb:1/1,65,65,0,0,0
A:7/b7,A:7/b7,64,12,36,16,0
Cb:maj7,B:maj7,64,18,8,0,38
F#:aug(b7),F#:aug(b7),64,32,32,0,0
B:min/4,B:min/4,64,61,0,3,0
A:13,A:13,64,64,0,0,0
"E:9(b13,11)","E:9(b13,11)",64,0,64,0,0
"E:sus4(b7,13,11,9)","E:sus4(b7,13,11,9)",64,0,64,0,0
"G:(3,#5,b7)",G:aug,64,0,0,0,64
D:dim,D:dim,63,17,4,5,37
Db:maj9(#11),Db:maj9(#11),63,1,62,0,0
A:maj(9)/9,A:maj(9)/9,63,0,63,0,0
Gb:maj(9)/9,Gb:maj(9)/9,63,0,63,0,0
G/5,G:maj/5,63,0,0,63,0
Bb:maj6(9),Bb:maj6(9),62,44,18,0,0
E:min7/b3,E:min7/b3,62,6,49,7,0
"D:9(11,13)","D:9(11,13)",62,0,62,0,0
B:min9(11),B:min9(11),62,0,62,0,0
F:min9(11),F:min9(11),62,0,62,0,0
Ab:maj/2,Ab:maj/2,61,61,0,0,0
D:7/5,D:7/5,61,15,40,6,0
"Bb:(3,5,b7,b9)",Bb:7(b9),61,0,0,0,61
F:min/b3,F:min/b3,60,14,19,18,9
Db:maj6(9),Db:maj6(9),60,40,20,0,0
Bb:minmaj7,Bb:minmaj7,59,2,57,0,0
Bb:maj(9),Bb:maj(9),59,49,8,2,0
F:maj7/3,F:maj7/3,59,25,26,0,8
G:7(#9),G:7(#9),59,3,56,0,0
B:7(#9),B:7(#9),59,6,51,2,0
F#:maj/3,F#:maj/3,58,29,29,0,0
F:7/3,F:7/3,58,11,44,0,3
B:maj/3,B:maj/3,58,10,48,0,0
F#:maj6,F#:maj6,58,55,3,0,0
Gb:maj/2,Gb:maj/2,57,57,0,0,0
D:min7/5,D:min7/5,57,47,10,0,0
Gb:9(#11),Gb:9(#11),57,0,57,0,0
E:dim,E:dim,56,6,11,3,36
G#:maj/5,G#:maj/5,56,56,0,0,0
A:aug(b7),A:aug(b7),56,0,56,0,0
E:minmaj7(9),E:minmaj7(9),56,0,56,0,0
C:minmaj7,C:minmaj7,55,4,51,0,0
Ab:sus4,Ab:sus4,55,22,26,0,7
G:dim,G:dim,55,10,7,11,27
Gb:maj/3,Gb:maj/3,55,24,30,0,1
D:maj/4,D:maj/4,55,55,0,0,0
Eb:maj9(#11),Eb:maj9(#11),55,0,55,0,0
G:maj(4)/4,G:maj(4)/4,55,0,55,0,0
A:(5),A:5,55,0,55,0,0
Db:sus4(b7),Db:sus4(b7),54,29,25,0,0
Bb:dim,Bb:dim,54,15,9,4,26
Bb:maj7/7,Bb:maj7/7,54,27,27,0,0
Gb:min,Gb:min,54,32,14,3,5
Db:maj9,Db:maj9,54,21,32,1,0
A:maj7/7,A:maj7/7,54,19,35,0,0
D:(5),D:5,54,0,54,0,0
F:7/b7,F:7/b7,53,3,41,2,7
A:7/5,A:7/5,53,21,26,6,0
Bb:7(#9),Bb:7(#9),53,19,34,0,0
Ab:maj7/7,Ab:maj7/7,53,3,50,0,0
F:minmaj7,F:minmaj7,53,2,35,0,16
F#:maj7,F#:maj7,53,0,50,0,3
F#:min/b7,F#:min/b7,52,52,0,0,0
Eb:min/b3,Eb:min/b3,52,18,34,0,0
B:maj9(#11),B:maj9(#11),52,0,52,0,0
D:dim7,D:dim7,52,0,47,5,0
G:min6/5,G:min6/5,52,0,52,0,0
F#:(5),F#:5,52,0,52,0,0
C/3,C:maj/3,52,0,0,52,0
F#:min/4,F#:min/4,51,51,0,0,0
C:7/5,C:7/5,51,14,34,3,0
B:min/5,B:min/5,51,27,8,16,0
C:dim7,C:dim7,51,0,49,2,0
A:9(#11),A:9(#11),51,0,51,0,0
"Ab:9(11,13)","Ab:9(11,13)",51,0,51,0,0
A:minmaj7,A:minmaj7,50,3,47,0,0
A:dim,A:dim,50,17,8,3,22
D:min11,D:min11,50,50,0,0,0
Ab:maj9(#11),Ab:maj9(#11),50,0,50,0,0
Eb:maj(9)/9,Eb:maj(9)/9,50,0,50,0,0
G:sus4(9),G:sus4(9),49,49,0,0,0
Eb:minmaj7,Eb:minmaj7,49,2,38,0,9
Ab:11,Ab:11,49,49,0,0,0
Eb:min/b7,Eb:min/b7,49,49,0,0,0
B:maj(9),B:maj(9),49,8,41,0,0
G:maj/b7,G:maj/b7,48,48,0,0,0
Gb:maj9,Gb:maj9,48,14,20,0,14
A:min7/6,A:min7/6,48,48,0,0,0
G:min9(11),G:min9(11),48,0,48,0,0
"Bb:9(b13,11)","Bb:9(b13,11)",48,0,48,0,0
"A:(3,5,b7,b9)",A:7(b9),48,0,0,0,48
B:7/5,B:7/5,47,21,26,0,0
F:7/5,F:7/5,47,10,34,0,3
A:min(11),A:min(11),47,47,0,0,0
D:min6/5,D:min6/5,47,47,0,0,0
Db:7(#9),Db:7(#9),47,0,47,0,0
F:maj7/5,F:maj7/5,47,0,47,0,0
C#:min7/b7,C#:min7/b7,47,0,47,0,0
Bb/3,Bb:maj/3,47,0,0,47,0
E:min7(11),E:min7(11),46,46,0,0,0
Db:maj6/5,Db:maj6/5,46,40,6,0,0
C#:7(b9),C#:7(b9),46,3,43,0,0
F#:min/b3,F#:min/b3,46,35,10,1,0
C:maj7/5,C:maj7/5,46,0,46,0,0
B:min7(4)/4,B:min7(4)/4,46,0,46,0,0
G:7/5,G:7/5,45,17,27,0,1
C:min/5,C:min/5,45,5,28,12,0
G:minmaj7,G:minmaj7,45,1,37,2,5
E:min6,E:min6,45,10,29,6,0
C:aug,C:aug,45,3,31,11,0
Bb:sus2,Bb:sus2,45,44,0,1,0
Eb:7/b7,Eb:7/b7,45,16,26,3,0
"A:(3,b5,b7,b9,b13)","A:7(b9,b13,#11)",45,0,31,0,14
G#:min7/b3,G#:min7/b3,45,0,44,1,0
C:(5),C:5,45,0,45,0,0
Eb:(5),Eb:5,45,0,45,0,0
E/5,E:maj/5,45,0,0,45,0
C#:dim,C#:dim,44,16,15,11,2
F:aug,F:aug,44,6,31,7,0
A:min(9),A:min(9),44,42,0,2,0
F:min7(4)/4,F:min7(4)/4,44,0,44,0,0
C:min7(4)/4,C:min7(4)/4,44,0,44,0,0
"C:sus4(b7,13,11,9)","C:sus4(b7,13,11,9)",44,0,44,0,0
D#:7/5,D#:7/5,44,0,44,0,0
D:(5)/9,D:5/9,44,0,44,0,0
G#,G#:maj,44,0,0,44,0
Bb:7/3,Bb:7/3,43,5,34,4,0
F:min7/b3,F:min7/b3,43,16,20,1,6
F/3,F:maj/3,43,0,0,43,0
Gb,Gb:maj,43,0,0,43,0
Eb/3,Eb:maj/3,43,0,0,43,0
G:11,G:11,42,42,0,0,0
Bb:maj/b7,Bb:maj/b7,42,41,0,0,1
D:min7/b3,D:min7/b3,42,25,13,1,3
Eb:dim,Eb:dim,42,10,2,6,24
Cb:maj(9),B:maj(9),42,42,0,0,0
B:aug(b7),B:aug(b7),42,0,42,0,0
"B:aug(b7,#9)","B:aug(b7,#9)",42,0,42,0,0
Eb:maj6/6,Eb:maj6/6,42,0,42,0,0
C:min(b6)/b6,C:min(b6)/b6,42,0,42,0,0
F:dim,F:dim,41,11,1,14,15
Db:min,Db:min,41,28,7,2,4
Ab:7(b9),Ab:7(b9),41,4,37,0,0
"Eb:9(11,13)","Eb:9(11,13)",41,0,41,0,0
"E:9(11,13)","E:9(11,13)",41,0,41,0,0
D:min7(4)/4,D:min7(4)/4,41,0,41,0,0
G/2,G:maj/2,41,0,0,41,0
C:sus2/2,C:sus2/2,40,40,0,0,0
Db:dim,Db:dim,40,19,1,4,16
E:maj/4,E:maj/4,40,40,0,0,0
Eb:maj/4,Eb:maj/4,40,40,0,0,0
Eb:maj7/5,Eb:maj7/5,40,2,38,0,0
Ab:hdim7,Ab:hdim7,40,3,23,0,14
D#:dim7,D#:dim7,40,0,31,9,0
D:maj9/9,D:maj9/9,40,0,40,0,0
B:maj/b7,B:maj/b7,39,39,0,0,0
F#:min11,F#:min11,39,39,0,0,0
Bb:maj6/5,Bb:maj6/5,39,24,15,0,0
D:maj7/2,D:maj7/2,39,39,0,0,0
D:minmaj7,D:minmaj7,39,7,30,0,2
A:maj/b7,A:maj/b7,39,38,0,0,1
Ab:7/5,Ab:7/5,39,6,31,2,0
G#:min9,G#:min9,39,10,29,0,0
E:maj(b3)/b3,E:maj(b3)/b3,39,0,39,0,0
Eb:min9(11),Eb:min9(11),39,0,39,0,0
"F#:9(b13,11)","F#:9(b13,11)",39,0,39,0,0
E:maj(9)/9,E:maj(9)/9,39,0,39,0,0
C/7,C:maj/7,39,0,0,39,0
A:min/5,A:min/5,38,12,20,6,0
D:sus2,D:sus2,38,38,0,0,0
C:maj9/3,C:maj9/3,38,38,0,0,0
F:maj6(9),F:maj6(9),38,11,27,0,0
Db:maj(4)/4,Db:maj(4)/4,38,0,38,0,0
"E:(2,5)",E:sus2,38,0,38,0,0
Eb:5,Eb:5,37,37,0,0,0
Bb:maj7/3,Bb:maj7/3,37,2,35,0,0
Ab:13,Ab:13,37,37,0,0,0
B:7/b7,B:7/b7,37,8,29,0,0
"G:(3,b5,b7,b9,b13)","G:7(b9,b13,#11)",37,0,18,0,19
Eb:hdim7,Eb:hdim7,37,0,34,0,3
"C:9(11,13)","C:9(11,13)",37,0,37,0,0
D#:hdim7,D#:hdim7,37,0,32,5,0
Ab:aug(b7),Ab:aug(b7),37,0,37,0,0
G:min7(4)/4,G:min7(4)/4,37,0,37,0,0
Db:maj(9)/9,Db:maj(9)/9,37,0,37,0,0
E:(5)/b9,E:5/b9,37,0,37,0,0
D/b7,D:maj/b7,37,0,0,37,0
F/5,F:maj/5,37,0,0,37,0
"Gb:(4,5,b7,9,11,13)","Gb:sus4(9,11,13)",37,0,0,0,37
D:maj/6,D:maj/6,36,36,0,0,0
B:maj/4,B:maj/4,36,36,0,0,0
Eb:7/5,Eb:7/5,36,31,5,0,0
E:aug,E:aug,36,7,12,17,0
C#:min/b7,C#:min/b7,36,21,0,15,0
F:maj7/7,F:maj7/7,36,1,35,0,0
G:maj6(9),G:maj6(9),36,2,33,1,0
A:min7/5,A:min7/5,36,20,15,1,0
A:min9(11),A:min9(11),36,0,36,0,0
Eb:min(9)/9,Eb:min(9)/9,36,0,36,0,0
F#:minmaj7(9),F#:minmaj7(9),36,0,36,0,0
"Eb:(4,5,b7)",Eb:sus4,36,0,0,0,36
"Bb:(4,5,b7)",Bb:sus4,36,0,0,0,36
G:maj/4,G:maj/4,35,35,0,0,0
B:7/3,B:7/3,35,12,23,0,0
"B:9(b13,11)","B:9(b13,11)",35,0,35,0,0
"F:(3,5,b7,b9)",F:7(b9),35,0,0,0,35
"F:(3,#5,b7)",F:aug,35,0,0,0,35
"C:(3,5,b7,#9)",C:7(#9),35,0,0,0,35
"G:(3,5,b7,9,11,13)","G:7(9,11,13)",35,0,0,0,35
"C:(3,5,6,9)","C:maj(6,9)",35,0,0,0,35
D:maj7/5,D:maj7/5,34,2,32,0,0
Gb:maj6(9),Gb:maj6(9),34,22,12,0,0
Bb:sus4(9),Bb:sus4(9),34,32,0,2,0
Ab:dim,Ab:dim,34,2,5,1,26
"Bb:aug(b7,#9)","Bb:aug(b7,#9)",34,0,34,0,0
"C:sus4(b7,b9)","C:sus4(b7,b9)",34,0,34,0,0
A/5,A:maj/5,34,0,0,34,0
C:min/b7,C:min/b7,33,1,0,1,31
Eb:7/3,Eb:7/3,33,14,14,5,0
F#:min/5,F#:min/5,33,12,6,15,0
G:maj(9)/3,G:maj(9)/3,33,16,17,0,0
Bb:maj/7,Bb:maj/7,33,33,0,0,0
A:aug,A:aug,33,4,5,24,0
A:min7(4)/4,A:min7(4)/4,33,0,33,0,0
Bb:7/b7,Bb:7/b7,33,0,32,0,1
Bb:maj7/5,Bb:maj7/5,33,0,32,1,0
A#:min7,A#:min7,33,0,32,0,1
A:maj(4)/4,A:maj(4)/4,33,0,33,0,0
B/5,B:maj/5,33,0,0,33,0
D:maj7/3,D:maj7/3,32,13,19,0,0
Ab:5,Ab:5,32,32,0,0,0
G:maj(9)/5,G:maj(9)/5,32,32,0,0,0
C#:9,C#:9,32,9,23,0,0
Eb:min/5,Eb:min/5,32,25,7,0,0
D:11,D:11,32,32,0,0,0
E:maj(#9),E:maj(#9),32,32,0,0,0
Eb:maj7/3,Eb:maj7/3,32,0,32,0,0
Ab:maj6/6,Ab:maj6/6,32,0,32,0,0
B:maj7/3,B:maj7/3,32,0,32,0,0
B:maj(9)/9,B:maj(9)/9,32,0,32,0,0
E/4,E:maj/4,32,0,0,32,0
G:maj7/3,G:maj7/3,31,3,2,26,0
C#:5,C#:5,31,31,0,0,0
C#:sus4(b7),C#:sus4(b7),31,11,20,0,0
Eb:maj6/5,Eb:maj6/5,31,1,28,0,2
E:sus4(9),E:sus4(9),31,31,0,0,0
F:maj/4,F:maj/4,31,31,0,0,0
F:min7/4,F:min7/4,31,12,0,0,19
"C:9(13,#11)","C:9(13,#11)",31,14,17,0,0
Bb:min(4)/4,Bb:min(4)/4,31,0,31,0,0
C:maj7/7,C:maj7/7,31,0,30,1,0
C:min(4)/4,C:min(4)/4,31,0,31,0,0
F#:min9(11),F#:min9(11),31,0,31,0,0
D:aug,D:aug,31,0,25,6,0
Ab:min9(11),Ab:min9(11),31,0,31,0,0
A:7(4)/4,A:7(4)/4,31,0,31,0,0
Cb:maj(9)/9,B:maj(9)/9,31,0,31,0,0
"C:(3,#5,b7)",C:aug,31,0,0,0,31
"D:(b3,5,b7,9,11)","D:min7(9,11)",31,0,0,0,31
G:13,G:13,30,30,0,0,0
F#:maj/2,F#:maj/2,30,30,0,0,0
C:maj13,C:maj13,30,30,0,0,0
E:maj6/6,E:maj6/6,30,14,16,0,0
G#:dim,G#:dim,30,9,15,0,6
E:9(#11),E:9(#11),30,0,30,0,0
"A:aug(b7,b9)","A:aug(b7,b9)",30,0,30,0,0
"Bb:sus4(b7,13,11,9)","Bb:sus4(b7,13,11,9)",30,0,30,0,0
G#:maj7,G#:maj7,30,0,30,0,0
Eb:min(#1)/#1,Eb:min(#1)/#1,30,0,30,0,0
Eb:min7/b3,Eb:min7/b3,30,0,30,0,0
E/3,E:maj/3,30,0,0,30,0
F#:9,F#:9,29,4,14,11,0
C:dim,C:dim,29,15,11,0,3
"A:7(b13,b9,11)","A:7(b13,b9,11)",29,0,29,0,0
D:min/b7,D:min/b7,28,14,0,10,4
D#:dim,D#:dim,28,11,10,4,3
G:maj7/5,G:maj7/5,28,5,21,2,0
Bb:min/b7,Bb:min/b7,28,26,0,2,0
"E:(b3,b7)/b7",E:min7/b7,28,28,0,0,0
"E:sus4(b7,9,13)","E:sus4(b7,9,13)",28,28,0,0,0
F:min6/5,F:min6/5,28,17,2,9,0
"C:(3,b5,b7,b9,b13)","C:7(b9,b13,#11)",28,0,15,0,13
"A:9(13,#11)","A:9(13,#11)",28,0,28,0,0
E:(5)/9,E:5/9,28,0,28,0,0
Db:sus4,Db:sus4,27,12,15,0,0
Bb:11,Bb:11,27,27,0,0,0
G:min7/2,G:min7/2,27,27,0,0,0
C:7/6,C:7/6,27,27,0,0,0
D:min/4,D:min/4,27,4,0,22,1
D#:maj,D#:maj,27,16,11,0,0
Bb:min7/b7,Bb:min7/b7,27,3,24,0,0
F:5(b7),F:5(b7),27,27,0,0,0
G:maj9(#11),G:maj9(#11),27,0,27,0,0
"A:(3,b5,b7)",A:7(#11),27,0,27,0,0
Eb:maj7/7,Eb:maj7/7,27,0,27,0,0
E:min6(9),E:min6(9),27,0,27,0,0
"F:(3,b5,b7,b9,b13)","F:7(b9,b13,#11)",27,0,7,0,20
Ab:minmaj7,Ab:minmaj7,27,0,27,0,0
"A:(3,5,b7,#9)",A:7(#9),27,0,0,0,27
D:5(b7),D:5(b7),26,26,0,0,0
A:maj/6,A:maj/6,26,26,0,0,0
D:min13,D:min13,26,26,0,0,0
F#:min7/b7,F#:min7/b7,26,5,21,0,0
Ab:7/3,Ab:7/3,26,4,22,0,0
A:maj(9)/3,A:maj(9)/3,26,20,0,6,0
A:7/4,A:7/4,26,26,0,0,0
Eb:aug,Eb:aug,26,10,4,12,0
C:maj7/3,C:maj7/3,26,0,24,2,0
C#:min9(11),C#:min9(11),26,0,26,0,0
Eb:min7/5,Eb:min7/5,26,0,26,0,0
Db:sus4/4,Db:sus4/4,26,0,26,0,0
G:maj6/3,G:maj6/3,25,11,10,4,0
C:maj/b7,C:maj/b7,25,25,0,0,0
Eb:11,Eb:11,25,25,0,0,0
F:sus2,F:sus2,25,25,0,0,0
E:7/5,E:7/5,25,2,18,5,0
F:9/5,F:9/5,25,25,0,0,0
G:min(b6),G:min(b6),25,0,25,0,0
C:maj9/9,C:maj9/9,25,0,25,0,0
Eb:maj6/3,Eb:maj6/3,25,0,23,0,2
"Ab:sus4(b7,13,11,9)","Ab:sus4(b7,13,11,9)",25,0,25,0,0
G:maj6/5,G:maj6/5,25,0,10,14,1
A:minmaj7/7,A:minmaj7/7,25,0,25,0,0
"G:7(11,b9,13)","G:7(11,b9,13)",25,0,25,0,0
Eb:maj(4)/4,Eb:maj(4)/4,25,0,25,0,0
B:maj7/7,B:maj7/7,25,0,23,0,2
Db:1/1,Db:1/1,24,24,0,0,0
A:maj6(9),A:maj6(9),24,6,18,0,0
A:maj(9)/5,A:maj(9)/5,24,1,23,0,0
D:min/2,D:min/2,24,2,0,22,0
"Ab:7(11,b9,13)","Ab:7(11,b9,13)",24,0,24,0,0
"B:(3,b5,b7,b9,b13)","B:7(b9,b13,#11)",24,0,23,0,1
Db:7(b9),Db:7(b9),24,0,24,0,0
"B:7(b13,b9,11)","B:7(b13,b9,11)",24,0,24,0,0
Bb/2,Bb:maj/2,24,0,0,24,0
A:sus4/5,A:sus4/5,23,20,1,2,0
G:min7/4,G:min7/4,23,23,0,0,0
Cb:7,B:7,23,4,5,0,14
Db:maj(9)/5,Db:maj(9)/5,23,23,0,0,0
C:maj6/5,C:maj6/5,23,1,21,1,0
Db:7/3,Db:7/3,23,16,7,0,0
F#:min6,F#:min6,23,3,19,1,0
F:maj9/9,F:maj9/9,23,0,23,0,0
"A:sus4(b7,13,11,9)","A:sus4(b7,13,11,9)",23,0,23,0,0
D:maj9(#11),D:maj9(#11),23,0,23,0,0
Db:min6,Db:min6,23,0,20,0,3
F:maj6/6,F:maj6/6,23,0,23,0,0
C:min6/6,C:min6/6,23,0,23,0,0
F#:7(#9),F#:7(#9),23,0,22,1,0
Bb:9(11),Bb:9(11),23,0,22,1,0
"E:(3,5,b7,b9)",E:7(b9),23,0,0,0,23
"D:(4,5,b7)",D:sus4,23,0,0,0,23
"C#:sus4(b7,9)","C#:sus4(b7,9)",22,20,2,0,0
G:min7/5,G:min7/5,22,10,11,1,0
Ab:maj/4,Ab:maj/4,22,22,0,0,0
B:min/b3,B:min/b3,22,14,1,7,0
Gb:maj7/2,Gb:maj7/2,22,22,0,0,0
E:min7/5,E:min7/5,22,10,12,0,0
G:aug,G:aug,22,3,4,15,0
Db:7/b7,Db:7/b7,22,3,19,0,0
Ab:min11,Ab:min11,22,22,0,0,0
"Eb:maj9(13,#11)","Eb:maj9(13,#11)",22,22,0,0,0
"F:9(b13,11)","F:9(b13,11)",22,0,22,0,0
"D:aug(b7,b9)","D:aug(b7,b9)",22,0,22,0,0
"Db:9(11,13)","Db:9(11,13)",22,0,22,0,0
A:maj9/9,A:maj9/9,22,0,22,0,0
A#:min,A#:min,22,0,22,0,0
Gb:min6,Gb:min6,22,0,20,0,2
Eb:maj9/7,Eb:maj9/7,22,0,22,0,0
C:(1),C:maj,22,0,0,22,0
"C:(b3,5,6,9)","C:min(6,9)",22,0,0,0,22
"Bb:(3,#5,b7)",Bb:aug,22,0,0,0,22
F:aug/b3,F:aug/b3,22,0,0,0,22
G#:7(b9),G#:7(b9),21,8,13,0,0
F:min/b7,F:min/b7,21,13,0,6,2
"Db:sus4(b7,9)","Db:sus4(b7,9)",21,12,9,0,0
Eb:min(9),Eb:min(9),21,21,0,0,0
A#:dim7,A#:dim7,21,4,17,0,0
Ab:7/b7,Ab:7/b7,21,10,11,0,0
F:maj6/3,F:maj6/3,21,2,17,0,2
"G:(3,b5,b7)",G:7(#11),21,0,21,0,0
A:min(b6),A:min(b6),21,0,21,0,0
C:maj9(#11)/3,C:maj9(#11)/3,21,0,21,0,0
Ab:aug,Ab:aug,21,0,14,4,3
D:min6/6,D:min6/6,21,0,21,0,0
"Ab:(3,5,b7,9,#11)","Ab:7(9,#11)",21,0,0,0,21
G:maj/6,G:maj/6,20,20,0,0,0
A:(11),A:maj(11),20,20,0,0,0
C#:min7/b3,C#:min7/b3,20,19,1,0,0
D:min7/4,D:min7/4,20,10,0,10,0
Ab:min(b13),Ab:min(b13),20,20,0,0,0
E:maj(11),E:maj(11),20,20,0,0,0
E:hdim7/b7,E:hdim7/b7,20,20,0,0,0
C:maj(9)/3,C:maj(9)/3,20,10,10,0,0
C:maj6/3,C:maj6/3,20,2,18,0,0
G:sus4/5,G:sus4/5,20,11,8,1,0
Ab:maj6(9),Ab:maj6(9),20,4,16,0,0
B:minmaj7,B:minmaj7,20,0,20,0,0
Bb:min7(4)/4,Bb:min7(4)/4,20,0,20,0,0
"E:(3,b5,b7)",E:7(#11),20,0,20,0,0
"G:aug(b7,#9)","G:aug(b7,#9)",20,0,20,0,0
"Gb:(2,5)/9",Gb:sus2/9,20,0,20,0,0
Db:(5)/5,Db:5/5,20,0,20,0,0
G:minmaj7/b3,G:minmaj7/b3,20,0,0,20,0
Eb/5,Eb:maj/5,20,0,0,20,0
"B:(3,5,7,9,#11)","B:maj7(9,#11)",20,0,0,0,20
"B:(3,5,b7,9,#11)","B:7(9,#11)",20,0,0,0,20
"Eb:(3,5,b7,b9)",Eb:7(b9),20,0,0,0,20
"C:(4,5,b7)",C:sus4,20,0,0,0,20
F#:maj/5,F#:maj/5,19,13,6,0,0
Ab:maj/7,Ab:maj/7,19,19,0,0,0
Eb:min7/b7,Eb:min7/b7,19,3,16,0,0
F:maj6/5,F:maj6/5,19,2,14,1,2
"G#:sus4(b7,9)","G#:sus4(b7,9)",19,19,0,0,0
B:maj7(b1)/b1,B:maj7(b1)/b1,19,0,19,0,0
"G:sus4(b7,13,11,9)","G:sus4(b7,13,11,9)",19,0,19,0,0
G:min7/b3,G:min7/b3,19,0,19,0,0
G#:min7/b7,G#:min7/b7,19,0,19,0,0
G:maj6/6,G:maj6/6,19,0,19,0,0
F:9(11),F:9(11),19,0,19,0,0
"D:(3,5,b7,#9)",D:7(#9),19,0,0,0,19
G#:7(#9),G#:7(#9),18,16,2,0,0
A:min11,A:min11,18,18,0,0,0
"C:sus4(b7,9,13)","C:sus4(b7,9,13)",18,18,0,0,0
G:maj(11),G:maj(11),18,18,0,0,0
Db:11,Db:11,18,18,0,0,0
F#:7/3,F#:7/3,18,8,8,2,0
Eb:maj13,Eb:maj13,18,18,0,0,0
"Bb:(3,b5,b7,b9,b13)","Bb:7(b9,b13,#11)",18,0,11,0,7
"Bb:7(11,b9,13)","Bb:7(11,b9,13)",18,0,18,0,0
"G:sus4(b7,b9)","G:sus4(b7,b9)",18,0,18,0,0
E:maj7/7,E:maj7/7,18,0,17,0,1
C#:sus4,C#:sus4,18,0,14,4,0
Gb:sus4(b7),Gb:sus4(b7),18,0,18,0,0
Ab:9(11),Ab:9(11),18,0,18,0,0
B/7,B:maj/7,18,0,0,18,0
C:min(*b3),C:min(b3),18,0,0,18,0
"Db:(3,5,b7,9,#11)","Db:7(9,#11)",18,0,0,0,18
"G:(4,5,b7)",G:sus4,18,0,0,0,18
G:aug/b9,G:aug/b9,18,0,0,0,18
Bb:aug,Bb:aug,17,10,6,1,0
Cb:maj7(#11),B:maj7(#11),17,17,0,0,0
Db:maj7/7,Db:maj7/7,17,8,9,0,0
F:min6/b3,F:min6/b3,17,2,13,2,0
A:maj9(#11),A:maj9(#11),17,2,15,0,0
D:min/6,D:min/6,17,15,0,2,0
Ab:maj7/2,Ab:maj7/2,17,17,0,0,0
B:maj6/3,B:maj6/3,17,9,8,0,0
"Ab:(3,b5,b7,b9,b13)","Ab:7(b9,b13,#11)",17,0,8,0,9
"F#:9(11,13)","F#:9(11,13)",17,0,17,0,0
"C:7(#11,b9)","C:7(#11,b9)",17,0,17,0,0
"D:(3,b5,b7,b9,b13)","D:7(b9,b13,#11)",17,0,9,0,8
F:min6/6,F:min6/6,17,0,17,0,0
"D:9(13,#11)","D:9(13,#11)",17,0,17,0,0
"Eb:(2,5)",Eb:sus2,17,0,17,0,0
E:7(6)/6,E:7(6)/6,17,0,17,0,0
Eb:min(4)/4,Eb:min(4)/4,17,0,17,0,0
B:(1),B:maj,17,0,0,17,0
"Db:(4,5,b7)",Db:sus4,17,0,0,0,17
Db:maj/7,Db:maj/7,16,12,0,0,4
Eb:maj/b7,Eb:maj/b7,16,16,0,0,0
Gb:maj(9),Gb:maj(9),16,11,5,0,0
Ab:7/4,Ab:7/4,16,16,0,0,0
F:5/6,F:5/6,16,16,0,0,0
C:11,C:11,16,16,0,0,0
Cb:maj/5,B:maj/5,16,6,10,0,0
C:maj/#4,C:maj/#4,16,16,0,0,0
C#:5(b13),C#:5(b13),16,16,0,0,0
E:11,E:11,16,16,0,0,0
Ab:(b7),Ab:maj,16,16,0,0,0
C:maj/7,C:maj/7,16,16,0,0,0
E:min(9),E:min(9),16,14,0,2,0
E:min11,E:min11,16,16,0,0,0
B:maj/bb6,B:maj/bb6,16,16,0,0,0
F#:7/5,F#:7/5,16,7,9,0,0
Ab:maj(9)/3,Ab:maj(9)/3,16,1,15,0,0
C#:min/5,C#:min/5,16,1,6,9,0
F#:11,F#:11,16,16,0,0,0
A:maj7/5,A:maj7/5,16,2,12,2,0
D:7(b9)/3,D:7(b9)/3,16,0,16,0,0
F:maj(b6)/b6,F:maj(b6)/b6,16,0,16,0,0
F:minmaj7/7,F:minmaj7/7,16,0,16,0,0
"G:7(b13,b9,11)","G:7(b13,b9,11)",16,0,16,0,0
Ab:maj7/5,Ab:maj7/5,16,0,16,0,0
G#:min6,G#:min6,16,0,16,0,0
"C#:9(11,13)","C#:9(11,13)",16,0,16,0,0
A:min9/b7,A:min9/b7,16,0,16,0,0
B:min6,B:min6,16,0,16,0,0
B:maj6/6,B:maj6/6,16,0,16,0,0
F:9/9,F:9/9,16,0,16,0,0
F:7(4)/4,F:7(4)/4,16,0,16,0,0
D:maj9/5,D:maj9/5,16,0,16,0,0
D/2,D:maj/2,16,0,0,16,0
"F:(3,5,6,9)","F:maj(6,9)",16,0,0,0,16
G#:sus4(b7),G#:sus4(b7),15,4,11,0,0
Ab:min/b3,Ab:min/b3,15,2,13,0,0
B:min7/4,B:min7/4,15,13,0,2,0
F:min(9),F:min(9),15,15,0,0,0
F:sus4(9),F:sus4(9),15,15,0,0,0
B:maj6(b7),B:maj6(b7),15,15,0,0,0
Gb:9,Gb:9,15,0,14,0,1
A:min(4)/4,A:min(4)/4,15,0,15,0,0
"A:7(11,b9,13)","A:7(11,b9,13)",15,0,15,0,0
F#:9(#11),F#:9(#11),15,0,15,0,0
Bb:maj9/9,Bb:maj9/9,15,0,15,0,0
"Bb:(3,b5,b7,b9)","Bb:7(b9,#11)",15,0,15,0,0
"C:(3,b5,b7)/b5",C:7(#11)/b5,15,0,15,0,0
Eb:min7(4)/4,Eb:min7(4)/4,15,0,15,0,0
G#:min9(11),G#:min9(11),15,0,15,0,0
C#:maj7,C#:maj7,15,0,11,0,4
"D:7(11,b9,13)","D:7(11,b9,13)",15,0,15,0,0
"Bb:9(13,#11)","Bb:9(13,#11)",15,0,15,0,0
G:maj7/7,G:maj7/7,15,0,15,0,0
D/7,D:maj/7,15,0,0,15,0
"B:(3,#5,b7)",B:aug,15,0,0,0,15
"C:(3,5,b7,9,11,13)","C:7(9,11,13)",15,0,0,0,15
"F:(b3,5,b7,9,11)","F:min7(9,11)",15,0,0,0,15
"G:(3,5,b7,#9)",G:7(#9),15,0,0,0,15
"G:(b3,5,b7,9,11)","G:min7(9,11)",15,0,0,0,15
Bb:7(#11),Bb:7(#11),14,14,0,0,0
C#:min(9),C#:min(9),14,14,0,0,0
Eb:min7(11),Eb:min7(11),14,14,0,0,0
F:maj6/2,F:maj6/2,14,14,0,0,0
B:aug,B:aug,14,5,3,6,0
B:13,B:13,14,14,0,0,0
Eb:min7(b13),Eb:min7(b13),14,14,0,0,0
C#:min(b13),C#:min(b13),14,14,0,0,0
Bb:sus4(b7)/b7,Bb:sus4(b7)/b7,14,14,0,0,0
B:maj/b6,B:maj/b6,14,8,0,0,6
F:min7/2,F:min7/2,14,14,0,0,0
G:min7(11),G:min7(11),14,14,0,0,0
Gb:7/5,Gb:7/5,14,14,0,0,0
"C:aug(b7,#9)","C:aug(b7,#9)",14,0,14,0,0
E:hdim7/b5,E:hdim7/b5,14,0,14,0,0
Ab:maj9/9,Ab:maj9/9,14,0,14,0,0
"D:(3,b5,b7)",D:7(#11),14,0,14,0,0
A#:hdim7,A#:hdim7,14,0,14,0,0
"C:aug(b7,b9)","C:aug(b7,b9)",14,0,14,0,0
"D:aug(b7,#9)","D:aug(b7,#9)",14,0,14,0,0
"Ab:9(13,#11)","Ab:9(13,#11)",14,0,14,0,0
"Gb:9(13,#11)","Gb:9(13,#11)",14,0,14,0,0
Bb:min/b3,Bb:min/b3,14,0,7,6,1
D:sus4/5,D:sus4/5,14,0,2,12,0
A/b7,A:maj/b7,14,0,0,14,0
"B:(3,5,b7,b9)",B:7(b9),14,0,0,0,14
"Eb:(3,5,b7,9,#11)","Eb:7(9,#11)",14,0,0,0,14
"A:(3,#5,b7)",A:aug,14,0,0,0,14
"Ab:(4,5,b7)",Ab:sus4,14,0,0,0,14
"C:(b3,5,b7,9,11)","C:min7(9,11)",14,0,0,0,14
"F:(3,5,b7,#9)",F:7(#9),14,0,0,0,14
A:min7/b3,A:min7/b3,13,4,9,0,0
B:min7/5,B:min7/5,13,5,8,0,0
C:sus4(9),C:sus4(9),13,13,0,0,0
C:maj/6,C:maj/6,13,13,0,0,0
G:maj13,G:maj13,13,13,0,0,0
Gb:sus2,Gb:sus2,13,13,0,0,0
"E:(b3,b7,11,9)","E:min7(11,9)",13,13,0,0,0
A:sus2(b7),A:sus2(b7),13,13,0,0,0
E:sus2(b7),E:sus2(b7),13,12,0,1,0
G:7/6,G:7/6,13,13,0,0,0
D#:sus4(b7),D#:sus4(b7),13,13,0,0,0
"A:aug(b7,#9)","A:aug(b7,#9)",13,0,13,0,0
"Bb:(3,b5,b7)",Bb:7(#11),13,0,13,0,0
"B:sus4(b7,13,11,9)","B:sus4(b7,13,11,9)",13,0,13,0,0
A:sus4(b7)/b7,A:sus4(b7)/b7,13,0,13,0,0
A#:7/b7,A#:7/b7,13,0,13,0,0
A:7(b3)/b3,A:7(b3)/b3,13,0,13,0,0
C:min6(9),C:min6(9),13,0,13,0,0
G:(1),G:maj,13,0,0,13,0
B/3,B:maj/3,13,0,0,13,0
Db/5,Db:maj/5,13,0,0,13,0
"D:(3,5,b7,9,#11)","D:7(9,#11)",13,0,0,0,13
"Gb:(3,5,b7,9,#11)","Gb:7(9,#11)",13,0,0,0,13
"Bb:(3,5,b7,9,11,13)","Bb:7(9,11,13)",13,0,0,0,13
G:sus4(b7)/4,G:sus4(b7)/4,12,12,0,0,0
Gb:5,Gb:5,12,12,0,0,0
F:maj/6,F:maj/6,12,12,0,0,0
E:maj/7,E:maj/7,12,12,0,0,0
C:sus2,C:sus2,12,12,0,0,0
A:min/b6,A:min/b6,12,12,0,0,0
"C#:(b3,b7,11,9)","C#:min7(11,9)",12,12,0,0,0
D:maj(#9),D:maj(#9),12,12,0,0,0
D#:dim/b5,D#:dim/b5,12,10,0,2,0
C:(11),C:maj(11),12,12,0,0,0
C:min11,C:min11,12,12,0,0,0
"Ab:7(b9,b13)","Ab:7(b9,b13)",12,12,0,0,0
D:min9/5,D:min9/5,12,10,2,0,0
E:minmaj7/5,E:minmaj7/5,12,12,0,0,0
Eb:maj/6,Eb:maj/6,12,8,0,0,4
A:7(#11),A:7(#11),12,12,0,0,0
Db:7(#11),Db:7(#11),12,12,0,0,0
D:maj(9)/3,D:maj(9)/3,12,2,10,0,0
B:min(11),B:min(11),12,12,0,0,0
B:min/6,B:min/6,12,6,0,6,0
F#:minmaj7,F#:minmaj7,12,4,4,4,0
A:maj7(#11),A:maj7(#11),12,12,0,0,0
C:min7/b3,C:min7/b3,12,5,7,0,0
C:maj(#11),C:maj(#11),12,9,0,3,0
E:7(b9)/3,E:7(b9)/3,12,0,12,0,0
D:aug(7),D:aug(7),12,0,12,0,0
"E:7(11,b9,13)","E:7(11,b9,13)",12,0,12,0,0
"B:(3,b5,b7)",B:7(#11),12,0,12,0,0
Eb:aug(b7),Eb:aug(b7),12,0,12,0,0
C:9/5,C:9/5,12,0,12,0,0
"G:aug(b7,b9)","G:aug(b7,b9)",12,0,12,0,0
E:7(b9)/5,E:7(b9)/5,12,0,12,0,0
Gb:min9,Gb:min9,12,0,12,0,0
"F:7(11,b9,13)","F:7(11,b9,13)",12,0,12,0,0
Eb:dim7(7)/7,Eb:dim7(7)/7,12,0,12,0,0
D:sus4/4,D:sus4/4,12,0,12,0,0
"A:(2,5)/6",A:sus2/6,12,0,12,0,0
"A:(2,5)/5",A:sus2/5,12,0,12,0,0
"E:(2,5)/5",E:sus2/5,12,0,12,0,0
B:7(4)/4,B:7(4)/4,12,0,12,0,0
A:min6(b7)/6,A:min6(b7)/6,12,0,12,0,0
"F:9(13,#11)","F:9(13,#11)",12,0,12,0,0
A:maj/9,A:maj/9,12,0,0,10,2
G:min/b7,G:min/b7,12,0,0,6,6
B/6,B:maj/6,12,0,0,12,0
Bb:min7/4,Bb:min7/4,12,0,0,1,11
"Bb:(3,5,b7,b9,11,b13)","Bb:7(b9,11,b13)",12,0,0,0,12
"E:(3,5,7,9,#11)","E:maj7(9,#11)",12,0,0,0,12
"F:(b3,5,6,9)","F:min(6,9)",12,0,0,0,12
Ab:min6/5,Ab:min6/5,12,0,0,0,12
Ab:sus2,Ab:sus2,11,11,0,0,0
Eb:7(b13),Eb:7(b13),11,11,0,0,0
Bb:maj(9)/3,Bb:maj(9)/3,11,9,2,0,0
Db:5,Db:5,11,11,0,0,0
Ab:min7/4,Ab:min7/4,11,11,0,0,0
F:11,F:11,11,11,0,0,0
G:9/3,G:9/3,11,11,0,0,0
B:min7/b3,B:min7/b3,11,10,1,0,0
Eb:min6/5,Eb:min6/5,11,1,10,0,0
Ab:min/5,Ab:min/5,11,9,2,0,0
A:maj9/3,A:maj9/3,11,3,8,0,0
B:dim/b3,B:dim/b3,11,11,0,0,0
A:5(b7)/3,A:5(b7)/3,11,11,0,0,0
B:sus4/b7,B:sus4/b7,11,11,0,0,0
F#:7/b7,F#:7/b7,11,1,10,0,0
Bb:min/5,Bb:min/5,11,8,2,1,0
"F#:(3,b5,b7,b9,b13)","F#:7(b9,b13,#11)",11,0,11,0,0
F:maj(4)/4,F:maj(4)/4,11,0,11,0,0
C#:7/b7,C#:7/b7,11,0,11,0,0
Ab:min7(4)/4,Ab:min7(4)/4,11,0,11,0,0
D:maj6/5,D:maj6/5,11,0,5,6,0
Gb:maj6/6,Gb:maj6/6,11,0,11,0,0
Bb/5,Bb:maj/5,11,0,0,11,0
F:min/4,F:min/4,10,10,0,0,0
D:min(9),D:min(9),10,10,0,0,0
E:sus2,E:sus2,10,10,0,0,0
G:min/4,G:min/4,10,6,0,4,0
A:maj/7,A:maj/7,10,10,0,0,0
Bb:sus4(9)/7,Bb:sus4(9)/7,10,10,0,0,0
Db:hdim7,Db:hdim7,10,8,1,0,1
F#:maj(11),F#:maj(11),10,10,0,0,0
D:maj6(9)/5,D:maj6(9)/5,10,10,0,0,0
G:5/5,G:5/5,10,10,0,0,0
C:(3)/2,C:maj/2,10,10,0,0,0
"A:(b5,b7,3)",A:7(#11),10,10,0,0,0
Gb:dim,Gb:dim,10,5,1,0,4
C:5/5,C:5/5,10,10,0,0,0
F#:maj/6,F#:maj/6,10,10,0,0,0
Eb:maj7(#11),Eb:maj7(#11),10,10,0,0,0
A:5(b7)/2,A:5(b7)/2,10,10,0,0,0
C:maj(11),C:maj(11),10,10,0,0,0
Eb:hdim7/b7,Eb:hdim7/b7,10,6,4,0,0
C:min(b6),C:min(b6),10,0,10,0,0
A:maj7(b5)/b5,A:maj7(#11)/b5,10,0,10,0,0
"Ab:(3,b5,b7)",Ab:7(#11),10,0,10,0,0
E:min6/6,E:min6/6,10,0,6,4,0
"B:9(13,#11)","B:9(13,#11)",10,0,10,0,0
E:minmaj7,E:minmaj7,10,0,10,0,0
C#:min6,C#:min6,10,0,10,0,0
Gb:min9(11),Gb:min9(11),10,0,10,0,0
D:min(4)/4,D:min(4)/4,10,0,10,0,0
C#:maj7/5,C#:maj7/5,10,0,10,0,0
"Ab:maj9(11,13)","Ab:maj9(11,13)",10,0,10,0,0
A:min6/6,A:min6/6,10,0,10,0,0
B:9(11),B:9(11),10,0,10,0,0
D#:minmaj7,D#:minmaj7,10,0,10,0,0
A:min(9)/9,A:min(9)/9,10,0,10,0,0
Ab:maj(4)/4,Ab:maj(4)/4,10,0,10,0,0
"F:maj9(11,13)","F:maj9(11,13)",10,0,10,0,0
E:7(b6)/b6,E:7(b6)/b6,10,0,10,0,0
D:(5)/5,D:5/5,10,0,10,0,0
B:(5),B:5,10,0,9,1,0
G#:min(4)/4,G#:min(4)/4,10,0,10,0,0
C#:min(b6),C#:min(b6),10,0,10,0,0
Bb:maj9(#11)/7,Bb:maj9(#11)/7,10,0,10,0,0
F:maj(9)/3,F:maj(9)/3,10,0,10,0,0
D/6,D:maj/6,10,0,0,10,0
A/2,A:maj/2,10,0,0,10,0
F#/5,F#:maj/5,10,0,0,10,0
Ab/5,Ab:maj/5,10,0,0,10,0
Db:maj6/2,Db:maj6/2,10,0,0,10,0
"Db:(3,5,b7,b9)",Db:7(b9),10,0,0,0,10
"G:(3,5,b7,b9)/3",G:7(b9)/3,10,0,0,0,10
"A:(4,5,b7)",A:sus4,10,0,0,0,10
Ab:maj7/3,Ab:maj7/3,9,8,0,1,0
C:min6/b3,C:min6/b3,9,5,3,0,1
G:maj7/2,G:maj7/2,9,9,0,0,0
F#:maj(9),F#:maj(9),9,2,6,1,0
Bb:min7/5,Bb:min7/5,9,0,9,0,0
"C:(3,b5,b7)",C:7(#11),9,0,9,0,0
Db:minmaj7,Db:minmaj7,9,0,9,0,0
B:maj(4)/4,B:maj(4)/4,9,0,9,0,0
D:hdim7/b5,D:hdim7/b5,9,0,9,0,0
C#:aug(b7),C#:aug(b7),9,0,9,0,0
"C:(3,b5,b7,b9)","C:7(b9,#11)",9,0,9,0,0
D#:7(b9),D#:7(b9),9,0,9,0,0
G:maj(b9)/b9,G:maj(b9)/b9,9,0,9,0,0
Db:maj7/5,Db:maj7/5,9,0,9,0,0
"E:aug(b7,b9)","E:aug(b7,b9)",9,0,9,0,0
B:maj7/5,B:maj7/5,9,0,9,0,0
C#:min/b3,C#:min/b3,9,0,9,0,0
G#:aug(b7),G#:aug(b7),9,0,9,0,0
"F#:aug(b7,#9)","F#:aug(b7,#9)",9,0,9,0,0
Gb:maj7/5,Gb:maj7/5,9,0,9,0,0
B:maj6(9),B:maj6(9),9,0,9,0,0
"G#:9(b13,11)","G#:9(b13,11)",9,0,9,0,0
"G:aug(b7,9)","G:aug(b7,9)",9,0,9,0,0
G#:(5),G#:5,9,0,9,0,0
G#:aug,G#:aug,9,0,2,7,0
F:min9(4)/4,F:min9(4)/4,9,0,9,0,0
E:min(4)/4,E:min(4)/4,9,0,9,0,0
"D:(b3,#5)",D:min,9,0,9,0,0
Eb:min6(4)/4,Eb:min6(4)/4,9,0,9,0,0
G:maj7(b6)/b6,G:maj7(b6)/b6,9,0,9,0,0
E/7,E:maj/7,9,0,0,9,0
A:(1),A:maj,9,0,0,9,0
E:(1),E:maj,9,0,0,9,0
"G:(1,5)",G:5,9,0,0,9,0
Ab/7,Ab:maj/7,9,0,0,9,0
"A:(1,5)",A:5,9,0,0,9,0
G:maj6/2,G:maj6/2,9,0,0,9,0
D:maj/b9,D:maj/b9,9,0,0,0,9
"Eb:(3,5,b7,#9)",Eb:7(#9),9,0,0,0,9
"Bb:(3,5,b7,#9)",Bb:7(#9),9,0,0,0,9
"D:(3,#5,b7)",D:aug,9,0,0,0,9
"A:(3,5,b7,9,11,b13)","A:7(9,11,b13)",9,0,0,0,9
"E:(b3,5,b7,9,11)","E:min7(9,11)",9,0,0,0,9
"Eb:(4,5,b7,9,11,13)","Eb:sus4(9,11,13)",9,0,0,0,9
"A:sus4(b7,9,13)","A:sus4(b7,9,13)",8,8,0,0,0
Db:maj/b7,Db:maj/b7,8,8,0,0,0
F#:maj(9)/3,F#:maj(9)/3,8,1,7,0,0
C:13,C:13,8,8,0,0,0
Eb:maj/7,Eb:maj/7,8,8,0,0,0
G#:maj/b2,G#:maj/b2,8,8,0,0,0
D:(11),D:maj(11),8,8,0,0,0
A:maj6/5,A:maj6/5,8,8,0,0,0
A#:dim,A#:dim,8,7,1,0,0
Gb:(b7),Gb:maj,8,8,0,0,0
Cb:9,B:9,8,2,6,0,0
G#:sus4,G#:sus4,8,4,4,0,0
E:min(b13),E:min(b13),8,8,0,0,0
D:maj6/2,D:maj6/2,8,8,0,0,0
C:min(9),C:min(9),8,6,0,2,0
A:5/4,A:5/4,8,8,0,0,0
Ab:maj6/5,Ab:maj6/5,8,4,4,0,0
F:sus4/5,F:sus4/5,8,8,0,0,0
G#:min(11),G#:min(11),8,8,0,0,0
C#:5(b7),C#:5(b7),8,8,0,0,0
D:sus4(b7)/5,D:sus4(b7)/5,8,8,0,0,0
Db:maj(11),Db:maj(11),8,8,0,0,0
A:5(b7)/b7,A:5(b7)/b7,8,8,0,0,0
Bb:min11,Bb:min11,8,8,0,0,0
Ab:sus4/5,Ab:sus4/5,8,8,0,0,0
C#:maj/b4,C#:maj/b4,8,8,0,0,0
E:sus4/2,E:sus4/2,8,8,0,0,0
G:5/4,G:5/4,8,8,0,0,0
"Bb:sus4(b7,b13,11)","Bb:sus4(b7,b13,11)",8,0,8,0,0
"F:aug(b7,#9)","F:aug(b7,#9)",8,0,8,0,0
"Bb:sus4(b7,b9)","Bb:sus4(b7,b9)",8,0,8,0,0
Ab:dim7(5)/5,Ab:dim7(5)/5,8,0,8,0,0
Bb:maj6/3,Bb:maj6/3,8,0,8,0,0
"C#:(3,b5,b7,b9,b13)","C#:7(b9,b13,#11)",8,0,8,0,0
"B:(3,b5,b7,9)","B:7(9,#11)",8,0,8,0,0
"B:7(11,b9,13)","B:7(11,b9,13)",8,0,8,0,0
Bb:min9(11),Bb:min9(11),8,0,8,0,0
A:7(b9)/b9,A:7(b9)/b9,8,0,8,0,0
Bb:min(b6),Bb:min(b6),8,0,8,0,0
D:min6(9),D:min6(9),8,0,8,0,0
F:sus4(6)/6,F:sus4(6)/6,8,0,8,0,0
C#:min9/5,C#:min9/5,8,0,8,0,0
"F#:9(13,#11)","F#:9(13,#11)",8,0,8,0,0
"F#:aug(b7,b9)","F#:aug(b7,b9)",8,0,8,0,0
E:min9/b7,E:min9/b7,8,0,8,0,0
"F:sus4(b7,13,11,9)","F:sus4(b7,13,11,9)",8,0,8,0,0
G:aug(6)/6,G:aug(6)/6,8,0,8,0,0
B:min6/5,B:min6/5,8,0,8,0,0
"E:aug(b7,#9)","E:aug(b7,#9)",8,0,8,0,0
Bb:maj6/6,Bb:maj6/6,8,0,8,0,0
E:maj(b5)/b5,E:maj(#11)/b5,8,0,8,0,0
"E:maj9(11,13)","E:maj9(11,13)",8,0,8,0,0
G:maj(2)/3,G:maj(2)/3,8,0,8,0,0
C:maj(2)/3,C:maj(2)/3,8,0,8,0,0
Db:maj6/6,Db:maj6/6,8,0,8,0,0
"B:7(#11,b9)","B:7(#11,b9)",8,0,8,0,0
"Ab:(2,5)",Ab:sus2,8,0,8,0,0
Bb:min6/b3,Bb:min6/b3,8,0,8,0,0
C#:(5),C#:5,8,0,8,0,0
"B:maj9(11,13)","B:maj9(11,13)",8,0,8,0,0
Cb:maj9/9,B:maj9/9,8,0,8,0,0
"Eb:sus4(b7,13,11,9)","Eb:sus4(b7,13,11,9)",8,0,8,0,0
F:min6(9),F:min6(9),8,0,8,0,0
Eb:9(#9)/9,Eb:9(#9)/9,8,0,8,0,0
D#:maj9(b5)/b5,D#:maj9(b5)/b5,8,0,8,0,0
G:minmaj7/7,G:minmaj7/7,8,0,8,0,0
D:dim7(b1)/b1,D:dim7(b1)/b1,8,0,8,0,0
D:min7(4)/b7,D:min7(4)/b7,8,0,0,8,0
F/6,F:maj/6,8,0,0,8,0
B:hdim7/b7,B:hdim7/b7,8,0,0,8,0
G:min(9),G:min(9),8,0,0,8,0
C/b7,C:maj/b7,8,0,0,8,0
Ab/2,Ab:maj/2,8,0,0,8,0
Db:min7/4,Db:min7/4,8,0,0,0,8
"Ab:(3,5,b7,#9)",Ab:7(#9),8,0,0,0,8
"E:(3,5,b7,#9)",E:7(#9),8,0,0,0,8
"F:(3,5,b7,9,11,13)","F:7(9,11,13)",8,0,0,0,8
"Gb:(3,5,b7,9,11,13)","Gb:7(9,11,13)",8,0,0,0,8
"C:(b3,5,7,9,11,13)","C:min(9,11,13)",8,0,0,0,8
"C:(b3,5,7,9,#11)","C:min(9,#11)",8,0,0,0,8
"B:(3,#5,7,9)",B:aug(9),8,0,0,0,8
"Bb:(b3,5,b7,9,11,13)","Bb:min7(9,11,13)",8,0,0,0,8
"G:(b3,5,6,9)","G:min(6,9)",8,0,0,0,8
F:maj(9)/5,F:maj(9)/5,7,5,0,2,0
E:maj7/5,E:maj7/5,7,2,5,0,0
A:sus4(9),A:sus4(9),7,7,0,0,0
D:maj6/3,D:maj6/3,7,7,0,0,0
B:dim/b7,B:dim/b7,7,7,0,0,0
C#:7(b9)/3,C#:7(b9)/3,7,7,0,0,0
D:sus2(b7),D:sus2(b7),7,7,0,0,0
C:sus4/4,C:sus4/4,7,6,0,1,0
G:hdim7/b5,G:hdim7/b5,7,1,6,0,0
G:maj6/b5,G:maj6/b5,7,7,0,0,0
A:5/6,A:5/6,7,7,0,0,0
B:5/5,B:5/5,7,7,0,0,0
Gb:maj13,Gb:maj13,7,7,0,0,0
G#:1/1,G#:1/1,7,7,0,0,0
"Db:(3,b5,b7,b9,b13)","Db:7(b9,b13,#11)",7,0,4,0,3
Bb:aug(7),Bb:aug(7),7,0,7,0,0
C:aug(7),C:aug(7),7,0,7,0,0
D:min(b6),D:min(b6),7,0,7,0,0
"Eb:aug(b7,#9)","Eb:aug(b7,#9)",7,0,7,0,0
"A:(3,b5,b7,b9)","A:7(b9,#11)",7,0,7,0,0
C:min7/5,C:min7/5,7,0,7,0,0
Gb:hdim7,Gb:hdim7,7,0,5,0,2
A:maj(b6)/b6,A:maj(b6)/b6,7,0,7,0,0
"C:7(11,b9,13)","C:7(11,b9,13)",7,0,7,0,0
E:minmaj7/7,E:minmaj7/7,7,0,7,0,0
"E:9(13,#11)","E:9(13,#11)",7,0,7,0,0
"Ab:aug(b7,b9)","Ab:aug(b7,b9)",7,0,7,0,0
C:maj9(#11)/7,C:maj9(#11)/7,7,0,7,0,0
"G:9(13,#11)","G:9(13,#11)",7,0,7,0,0
C:maj7(#5)/5,C:maj7(#5)/5,7,0,7,0,0
D:maj6/6,D:maj6/6,7,0,7,0,0
G#:7/5,G#:7/5,7,0,4,0,3
D#:sus4,D#:sus4,7,0,7,0,0
E:dim/b3,E:dim/b3,7,0,6,1,0
C:min(9)/9,C:min(9)/9,7,0,7,0,0
"F#:(3,b5,b7)",F#:7(#11),7,0,7,0,0
"F#:(2,5)",F#:sus2,7,0,7,0,0
D#:aug,D#:aug,7,0,2,5,0
Bb:min6(4)/4,Bb:min6(4)/4,7,0,7,0,0
C:9(*3),C:9(3),7,0,0,7,0
D:maj(2),D:maj(2),7,0,0,7,0
"F#:(1,5)",F#:5,7,0,0,7,0
E:maj(4),E:maj(4),7,0,0,7,0
F/2,F:maj/2,7,0,0,7,0
"C:(3,5,b7,9,#11)","C:7(9,#11)",7,0,0,0,7
"F:(4,5,b7,9)",F:sus4(9),7,0,0,0,7
"C:(3,5,7,9,#11)","C:maj7(9,#11)",7,0,0,0,7
"Eb:(4,5,b7,9)",Eb:sus4(9),7,0,0,0,7
"Bb:(b3,5,b7,9,11)","Bb:min7(9,11)",7,0,0,0,7
C#:min/3,C#:min/3,6,6,0,0,0
E:maj(9)/3,E:maj(9)/3,6,3,3,0,0
A:dim/b5,A:dim/b5,6,4,0,2,0
Ab:7(b13),Ab:7(b13),6,6,0,0,0
D:maj7(#11),D:maj7(#11),6,6,0,0,0
B:7(b13),B:7(b13),6,6,0,0,0
D:min(b13),D:min(b13),6,6,0,0,0
F#:sus4/b7,F#:sus4/b7,6,6,0,0,0
A:maj(#9),A:maj(#9),6,6,0,0,0
F:maj/b7,F:maj/b7,6,6,0,0,0
F#:min(b13),F#:min(b13),6,6,0,0,0
Db:5(b7),Db:5(b7),6,6,0,0,0
Eb:min(b13),Eb:min(b13),6,6,0,0,0
C:min7(11),C:min7(11),6,6,0,0,0
A:min7/4,A:min7/4,6,6,0,0,0
B:7(#11),B:7(#11),6,6,0,0,0
Bb:min7(11),Bb:min7(11),6,6,0,0,0
"C:aug(b7,9)","C:aug(b7,9)",6,1,5,0,0
E:7/b3,E:7/b3,6,6,0,0,0
G:maj/7,G:maj/7,6,6,0,0,0
E:min/4,E:min/4,6,5,0,1,0
Db:maj13,Db:maj13,6,6,0,0,0
Cb:7(#11),B:7(#11),6,6,0,0,0
A#:maj,A#:maj,6,2,4,0,0
C#:min9/b7,C#:min9/b7,6,6,0,0,0
A:7(b9)/3,A:7(b9)/3,6,2,4,0,0
Ab:maj9(#11)/7,Ab:maj9(#11)/7,6,0,6,0,0
Eb:min9(11)/5,Eb:min9(11)/5,6,0,6,0,0
"F#:(3,b5,b7,9)","F#:7(9,#11)",6,0,6,0,0
"F:(3,b5,b7,9)","F:7(9,#11)",6,0,6,0,0
F:7(#9)/5,F:7(#9)/5,6,0,6,0,0
"F#:7(11,b9,13)","F#:7(11,b9,13)",6,0,6,0,0
Bb:maj(#4)/#4,Bb:maj(#4)/#4,6,0,6,0,0
F:minmaj7/5,F:minmaj7/5,6,0,6,0,0
"G#:aug(b7,#9)","G#:aug(b7,#9)",6,0,6,0,0
Gb:7(#9),Gb:7(#9),6,0,6,0,0
Bb:min6/5,Bb:min6/5,6,0,6,0,0
"Ab:9(b13,11)","Ab:9(b13,11)",6,0,6,0,0
A:maj7/3,A:maj7/3,6,0,6,0,0
D:min6/b3,D:min6/b3,6,0,6,0,0
"C#:9(b13,11)","C#:9(b13,11)",6,0,6,0,0
"B:aug(b7,b9)","B:aug(b7,b9)",6,0,6,0,0
"B:(3,b5,b7,b9,b13)/b4","B:7(b9,b13,#11)/b4",6,0,6,0,0
"F#:sus4(b7,13,11,9)","F#:sus4(b7,13,11,9)",6,0,6,0,0
Db:7(#6)/#6,Db:7(#6)/#6,6,0,6,0,0
G:min6(b7)/6,G:min6(b7)/6,6,0,6,0,0
"E:7(b13,b9,11)","E:7(b13,b9,11)",6,0,6,0,0
"F:sus4(b7,b9)","F:sus4(b7,b9)",6,0,6,0,0
Eb:min6(9),Eb:min6(9),6,0,6,0,0
B:7(b3)/3,B:7(b3)/3,6,0,6,0,0
G#:9,G#:9,6,0,4,0,2
E:9/9,E:9/9,6,0,6,0,0
A:maj6/6,A:maj6/6,6,0,6,0,0
F#:9/9,F#:9/9,6,0,6,0,0
B:min6/6,B:min6/6,6,0,6,0,0
B:min(b6)/b6,B:min(b6)/b6,6,0,6,0,0
Gb:aug,Gb:aug,6,0,6,0,0
Gb:sus4,Gb:sus4,6,0,6,0,0
"A#:9(b13,11)","A#:9(b13,11)",6,0,6,0,0
"C:(2,5)",C:sus2,6,0,6,0,0
C#:min(9)/9,C#:min(9)/9,6,0,6,0,0
G#:7(b3)/b3,G#:7(b3)/b3,6,0,6,0,0
Eb:9(11),Eb:9(11),6,0,6,0,0
Bb:maj(4)/4,Bb:maj(4)/4,6,0,6,0,0
F#:min(b1)/b1,F#:min(b1)/b1,6,0,6,0,0
C#:min7/5,C#:min7/5,6,0,6,0,0
C#:min7(b5)/b5,C#:min7(b5)/b5,6,0,6,0,0
Bb:min9/b3,Bb:min9/b3,6,0,6,0,0
Gb:maj(#6)/#6,Gb:maj(#6)/#6,6,0,6,0,0
F:7(b3)/3,F:7(b3)/3,6,0,6,0,0
A:(5)/b9,A:5/b9,6,0,6,0,0
G:(5)/9,G:5/9,6,0,6,0,0
A:(5)/5,A:5/5,6,0,6,0,0
F:(5)/7,F:5/7,6,0,6,0,0
Gb:maj7/7,Gb:maj7/7,6,0,6,0,0
"Ab:aug(b7,#9)","Ab:aug(b7,#9)",6,0,6,0,0
G:maj9/9,G:maj9/9,6,0,6,0,0
"Bb:(3,b5,b7,#9)","Bb:7(#9,#11)",6,0,6,0,0
C/9,C:maj/9,6,0,0,6,0
E:min/6,E:min/6,6,0,0,6,0
B:min/7,B:min/7,6,0,0,6,0
D:(1),D:maj,6,0,0,6,0
E/b7,E:maj/b7,6,0,0,6,0
G:maj/9,G:maj/9,6,0,0,6,0
B:min7(9),B:min7(9),6,0,0,6,0
C:maj7(9),C:maj7(9),6,0,0,6,0
Eb/2,Eb:maj/2,6,0,0,6,0
C:maj(#4)/5,C:maj(#4)/5,6,0,0,6,0
"E:(3,5,b7,9,#11)","E:7(9,#11)",6,0,0,0,6
E:7/9,E:7/9,6,0,0,0,6
Eb:min/4,Eb:min/4,6,0,0,0,6
"D:(3,5,b7,#9,#11)","D:7(#9,#11)",6,0,0,0,6
C:maj/b6,C:maj/b6,6,0,0,0,6
"C:(4,5,b7,9)",C:sus4(9),6,0,0,0,6
"Bb:maj6(7,#11)","Bb:maj6(7,#11)",5,5,0,0,0
A:dim/b3,A:dim/b3,5,4,0,1,0
Eb:maj/2,Eb:maj/2,5,5,0,0,0
Db:maj/4,Db:maj/4,5,5,0,0,0
Db:7/5,Db:7/5,5,2,3,0,0
F#:min/7,F#:min/7,5,5,0,0,0
F:maj13,F:maj13,5,5,0,0,0
Bb:5/2,Bb:5/2,5,5,0,0,0
F:maj/7,F:maj/7,5,5,0,0,0
E:aug(7),E:aug(7),5,1,4,0,0
Db:(b7),Db:maj,5,5,0,0,0
Bb:hdim7/b5,Bb:hdim7/b5,5,5,0,0,0
Cb:maj/2,B:maj/2,5,5,0,0,0
Ab:sus2(b7),Ab:sus2(b7),5,5,0,0,0
G:min11,G:min11,5,5,0,0,0
C#:min11/b3,C#:min11/b3,5,5,0,0,0
C:7(11),C:7(11),5,5,0,0,0
D:7/b4,D:7/b4,5,5,0,0,0
G:7/b3,G:7/b3,5,3,0,2,0
"G:sus4(b7,9,13)","G:sus4(b7,9,13)",5,5,0,0,0
E:9/3,E:9/3,5,5,0,0,0
Eb:min13,Eb:min13,5,5,0,0,0
G:sus4/4,G:sus4/4,5,4,1,0,0
B:aug(b7)/3,B:aug(b7)/3,5,5,0,0,0
B:aug/5,B:aug/5,5,5,0,0,0
Db:maj7/3,Db:maj7/3,5,0,5,0,0
"Eb:9(b13,11)","Eb:9(b13,11)",5,0,5,0,0
F:dim7(5)/5,F:dim7(5)/5,5,0,5,0,0
"D:(3,b5,b7,b9)","D:7(b9,#11)",5,0,5,0,0
"Bb:7(#11,b9)","Bb:7(#11,b9)",5,0,5,0,0
"F:aug(b7,b9)","F:aug(b7,b9)",5,0,5,0,0
Bb:min6(9)/9,Bb:min6(9)/9,5,0,5,0,0
F:min6(9)/9,F:min6(9)/9,5,0,5,0,0
F#:min7(4)/4,F#:min7(4)/4,5,0,5,0,0
E:maj(b6)/b6,E:maj(b6)/b6,5,0,5,0,0
G:maj(b6)/b6,G:maj(b6)/b6,5,0,5,0,0
"Db:9(b13,11)","Db:9(b13,11)",5,0,5,0,0
G:7(b9)/5,G:7(b9)/5,5,0,5,0,0
"E:7(#11,#9)","E:7(#11,#9)",5,0,5,0,0
B:maj(9)/3,B:maj(9)/3,5,0,5,0,0
A#:7,A#:7,5,0,5,0,0
D:9(11),D:9(11),5,0,4,1,0
E:maj7/3,E:maj7/3,5,0,5,0,0
"Gb:sus4(b7,9)","Gb:sus4(b7,9)",5,0,5,0,0
G:min6/6,G:min6/6,5,0,5,0,0
"C#:7(11,b9,13)","C#:7(11,b9,13)",5,0,5,0,0
"Eb:7(11,b9,13)","Eb:7(11,b9,13)",5,0,5,0,0
G:min6(9),G:min6(9),5,0,5,0,0
D:9/9,D:9/9,5,0,5,0,0
A:maj(b3)/3,A:maj(b3)/3,5,0,5,0,0
"G:maj9(11,13)","G:maj9(11,13)",5,0,5,0,0
A:maj(2)/3,A:maj(2)/3,5,0,5,0,0
B:min(4)/4,B:min(4)/4,5,0,5,0,0
Db:maj(#6)/#6,Db:maj(#6)/#6,5,0,5,0,0
G#:maj(b4)/b4,G#:maj(b4)/b4,5,0,5,0,0
B:7(6)/6,B:7(6)/6,5,0,5,0,0
E:maj6/3,E:maj6/3,5,0,5,0,0
A:(5)/7,A:5/7,5,0,5,0,0
A:(5)/9,A:5/9,5,0,5,0,0
G:maj9(#11)/7,G:maj9(#11)/7,5,0,5,0,0
Cb:maj6(9),B:maj6(9),5,0,5,0,0
D:hdim7(4)/4,D:hdim7(4)/4,5,0,5,0,0
C#:maj(9)/9,C#:maj(9)/9,5,0,5,0,0
B:7(b5)/b5,B:7(#11)/b5,5,0,5,0,0
"Db:9(13,#11)","Db:9(13,#11)",5,0,5,0,0
Bb:maj9(#11)/3,Bb:maj9(#11)/3,5,0,5,0,0
G:dim7(b9)/b9,G:dim7(b9)/b9,5,0,5,0,0
F#:maj(b9)/b9,F#:maj(b9)/b9,5,0,5,0,0
"Bb:7(b13,b9,11)","Bb:7(b13,b9,11)",5,0,5,0,0
"Eb:(3,b5,b7,b9,b13)","Eb:7(b9,b13,#11)",5,0,1,0,4
D#,D#:maj,5,0,0,5,0
D:maj(*1)/#1,D:maj/#1,5,0,0,5,0
F:maj/9,F:maj/9,5,0,0,5,0
G:sus4(2),G:sus4(2),5,0,0,5,0
Ab:maj(2)/2,Ab:maj(2)/2,5,0,0,5,0
C#:maj7/3,C#:maj7/3,5,0,0,5,0
D:min(6),D:min(6),5,0,0,5,0
"B:(1,5)",B:5,5,0,0,5,0
F:(1),F:maj,5,0,0,5,0
F:min(6),F:min(6),5,0,0,5,0
D:sus4(2),D:sus4(2),5,0,0,5,0
E:min7(4),E:min7(4),5,0,0,5,0
C#:dim/b3,C#:dim/b3,5,0,0,5,0
Eb:maj/#1,Eb:maj/#1,5,0,0,0,5
"B:(3,5,b7,9,11,13)","B:7(9,11,13)",5,0,0,0,5
"E:(3,5,6,9,#11)","E:maj(6,9,#11)",5,0,0,0,5
Eb:min9/4,Eb:min9/4,5,0,0,0,5
"G:(3,5,b7,9,#11)","G:7(9,#11)",5,0,0,0,5
"Db:(3,5,7,9,#11)/7","Db:maj7(9,#11)/7",5,0,0,0,5
"Db:(3,5,b7,9,11,13)","Db:7(9,11,13)",5,0,0,0,5
"B:(4,5,b7)",B:sus4,5,0,0,0,5
G:9(b13),G:9(b13),4,4,0,0,0
Ab:maj6/2,Ab:maj6/2,4,4,0,0,0
B:min(9),B:min(9),4,4,0,0,0
Gb:maj(9)/2,Gb:maj(9)/2,4,4,0,0,0
Eb:7(b9)/3,Eb:7(b9)/3,4,2,2,0,0
"A:7(b9,b13)","A:7(b9,b13)",4,4,0,0,0
Ab:dim7/2,Ab:dim7/2,4,4,0,0,0
D:maj(b9),D:maj(b9),4,4,0,0,0
F:13,F:13,4,4,0,0,0
Bb:13,Bb:13,4,4,0,0,0
D#:dim/b2,D#:dim/b2,4,4,0,0,0
"Eb:7(b13,#9)","Eb:7(b13,#9)",4,4,0,0,0
A:9(13),A:9(13),4,4,0,0,0
D:sus2/2,D:sus2/2,4,4,0,0,0
Ab:min(11),Ab:min(11),4,4,0,0,0
Cb:1/1,B:1/1,4,4,0,0,0
Gb:maj(11),Gb:maj(11),4,4,0,0,0
"F:(b5,11)",F:maj(11),4,4,0,0,0
Bb:5(b7)/5,Bb:5(b7)/5,4,4,0,0,0
Bb:sus4(b7)/4,Bb:sus4(b7)/4,4,4,0,0,0
Ab:min(9),Ab:min(9),4,4,0,0,0
F:aug(9),F:aug(9),4,4,0,0,0
E:min/2,E:min/2,4,4,0,0,0
E:min9/b3,E:min9/b3,4,4,0,0,0
E:min9/4,E:min9/4,4,4,0,0,0
Bb:maj7/2,Bb:maj7/2,4,3,0,1,0
G:7/4,G:7/4,4,4,0,0,0
Bb:maj/6,Bb:maj/6,4,4,0,0,0
B:11,B:11,4,4,0,0,0
F:maj6(9)/3,F:maj6(9)/3,4,4,0,0,0
"D:maj6(b7,11)","D:maj6(b7,11)",4,4,0,0,0
E:7(b13)/3,E:7(b13)/3,4,4,0,0,0
E:maj/b5,E:maj/b5,4,4,0,0,0
C:sus2/5,C:sus2/5,4,4,0,0,0
A:(#5),A:maj,4,4,0,0,0
B:maj7(b7)/3,B:maj7(b7)/3,4,4,0,0,0
Bb:min(9)/9,Bb:min(9)/9,4,0,4,0,0
"Bb:aug(b7,b9)","Bb:aug(b7,b9)",4,0,4,0,0
"A:aug(b7,9)","A:aug(b7,9)",4,0,4,0,0
E:maj(b9)/b9,E:maj(b9)/b9,4,0,4,0,0
Db:aug(b7),Db:aug(b7),4,0,4,0,0
B:maj(b6)/b6,B:maj(b6)/b6,4,0,4,0,0
"F:7(#11,#9)","F:7(#11,#9)",4,0,4,0,0
D#:min9(11),D#:min9(11),4,0,4,0,0
Ab:min6/b3,Ab:min6/b3,4,0,4,0,0
D:maj(b9)/b9,D:maj(b9)/b9,4,0,4,0,0
"G#:(3,b5,b7,b9,b13)","G#:7(b9,b13,#11)",4,0,4,0,0
Ab:maj6/3,Ab:maj6/3,4,0,4,0,0
"D:sus4(b7,b9)","D:sus4(b7,b9)",4,0,4,0,0
Gb:maj(#4)/#4,Gb:maj(#4)/#4,4,0,4,0,0
"F#:7(4,b9)/4","F#:7(4,b9)/4",4,0,4,0,0
A:aug(7),A:aug(7),4,0,4,0,0
"G#:7(b13,b9,11)","G#:7(b13,b9,11)",4,0,4,0,0
"B:7(#9,b6)/b6","B:7(#9,b6)/b6",4,0,4,0,0
Bb:7(6)/6,Bb:7(6)/6,4,0,4,0,0
G:min6/b3,G:min6/b3,4,0,4,0,0
C#:7/5,C#:7/5,4,0,4,0,0
Cb:maj6(9)/5,B:maj6(9)/5,4,0,4,0,0
Cb:min6(9)/5,B:min6(9)/5,4,0,4,0,0
D#:maj7,D#:maj7,4,0,4,0,0
"E:sus4(b7,b9)","E:sus4(b7,b9)",4,0,4,0,0
"Ab:aug(b7,9)","Ab:aug(b7,9)",4,0,4,0,0
E:min9/9,E:min9/9,4,0,4,0,0
F#:min9/b7,F#:min9/b7,4,0,4,0,0
D:9/5,D:9/5,4,0,3,1,0
Db:7(#4)/#4,Db:7(#4)/#4,4,0,4,0,0
Eb:maj9/9,Eb:maj9/9,4,0,4,0,0
C:9/3,C:9/3,4,0,4,0,0
"Ab:(3,b5,b7,b9)","Ab:7(b9,#11)",4,0,4,0,0
Eb:min6/b3,Eb:min6/b3,4,0,4,0,0
A#:min7(b6)/b6,A#:min7(b6)/b6,4,0,4,0,0
C#:maj(4)/4,C#:maj(4)/4,4,0,4,0,0
A:min6/5,A:min6/5,4,0,4,0,0
G#:maj(9),G#:maj(9),4,0,4,0,0
D:min(#1)/#1,D:min(#1)/#1,4,0,4,0,0
F:min(9)/9,F:min(9)/9,4,0,4,0,0
Bb:min7/b3,Bb:min7/b3,4,0,4,0,0
Gb:min6(#9)/#9,Gb:min6(#9)/#9,4,0,4,0,0
D:7(#1)/#1,D:7(#1)/#1,4,0,4,0,0
G:sus4(b7)/b7,G:sus4(b7)/b7,4,0,4,0,0
E:maj6(9)/9,E:maj6(9)/9,4,0,4,0,0
Bb:sus4/4,Bb:sus4/4,4,0,4,0,0
Bb:sus4/5,Bb:sus4/5,4,0,4,0,0
D:sus4(9)/9,D:sus4(9)/9,4,0,4,0,0
D:dim7(6)/6,D:dim7(6)/6,4,0,4,0,0
G:min(4)/4,G:min(4)/4,4,0,4,0,0
Db:9/b7,Db:9/b7,4,0,4,0,0
F#:maj(9)/9,F#:maj(9)/9,4,0,4,0,0
G:9/9,G:9/9,4,0,4,0,0
C#:maj(b4)/b4,C#:maj(b4)/b4,4,0,4,0,0
Bb:maj(b6)/b6,Bb:maj(b6)/b6,4,0,4,0,0
"G:7(#11,b9)","G:7(#11,b9)",4,0,4,0,0
"Gb:(3,b5,b7)",Gb:7(#11),4,0,4,0,0
Bb:maj9(#11)/5,Bb:maj9(#11)/5,4,0,4,0,0
E:maj(b1)/b1,E:maj(b1)/b1,4,0,4,0,0
"C:(3,b5,b7,#9)","C:7(#9,#11)",4,0,4,0,0
E:maj(b9),E:maj(b9),4,0,0,4,0
Bb:maj/9,Bb:maj/9,4,0,0,4,0
E/2,E:maj/2,4,0,0,4,0
A/b3,A:maj/b3,4,0,0,4,0
C/6,C:maj/6,4,0,0,4,0
F#:dim/b3,F#:dim/b3,4,0,0,4,0
G:minmaj7/5,G:minmaj7/5,4,0,0,4,0
B:maj(*3),B:maj(3),4,0,0,4,0
F/9,F:maj/9,4,0,0,4,0
F:min/7,F:min/7,4,0,0,4,0
F:min/6,F:min/6,4,0,0,4,0
Ab/3,Ab:maj/3,4,0,0,4,0
"E:(1,5)",E:5,4,0,0,4,0
Bb/7,Bb:maj/7,4,0,0,4,0
"D:min7(2,*b3,4)","D:min7(2,b3,4)",4,0,0,4,0
"D:(1,4)",D:sus4,4,0,0,4,0
"D#:(1,4)",D#:sus4,4,0,0,4,0
"E:(1,4)",E:sus4,4,0,0,4,0
A:7(13),A:7(13),4,0,0,4,0
A:maj(*5),A:maj(5),4,0,0,4,0
"Db:(3,#5,b7)",Db:aug,4,0,0,0,4
E:maj/b1,E:maj/b1,4,0,0,0,4
D:min/7,D:min/7,4,0,0,0,4
"Bb:(3,#5,7,9)",Bb:aug(9),4,0,0,0,4
"Gb:(3,5,7,9,#11)","Gb:maj7(9,#11)",4,0,0,0,4
"D:(3,#5,7,9)",D:aug(9),4,0,0,0,4
Ab:9/3,Ab:9/3,4,0,0,0,4
B:maj/b9,B:maj/b9,4,0,0,0,4
G:sus4/9,G:sus4/9,4,0,0,0,4
"C:(4,5,b7,9,11,13)","C:sus4(9,11,13)",4,0,0,0,4
"Bb:(4,5,b7,9)",Bb:sus4(9),4,0,0,0,4
"A:(b5,b7,3)/b5",A:7(#11)/b5,3,3,0,0,0
Ab:5/b7,Ab:5/b7,3,3,0,0,0
Ab:maj6/4,Ab:maj6/4,3,3,0,0,0
G:7(b13),G:7(b13),3,3,0,0,0
C#:sus2(b7),C#:sus2(b7),3,3,0,0,0
B:min(11)/7,B:min(11)/7,3,3,0,0,0
B:maj/7,B:maj/7,3,3,0,0,0
G:maj6(7),G:maj6(7),3,3,0,0,0
Eb:sus2,Eb:sus2,3,3,0,0,0
B:min(11)/4,B:min(11)/4,3,3,0,0,0
B:min11,B:min11,3,3,0,0,0
Eb:maj(#11),Eb:maj(#11),3,3,0,0,0
F:9/3,F:9/3,3,3,0,0,0
G:9/5,G:9/5,3,3,0,0,0
Db:aug,Db:aug,3,3,0,0,0
B:7(b9)/b2,B:7(b9)/b2,3,3,0,0,0
D:maj9(13),D:maj9(13),3,3,0,0,0
F#:hdim7/b5,F#:hdim7/b5,3,3,0,0,0
A:7(b9)/5,A:7(b9)/5,3,3,0,0,0
A:7(b9)/b7,A:7(b9)/b7,3,3,0,0,0
Eb:maj7(#11)/3,Eb:maj7(#11)/3,3,3,0,0,0
B:5(b7),B:5(b7),3,3,0,0,0
C:7(b9)/3,C:7(b9)/3,3,2,1,0,0
F:min(b13),F:min(b13),3,3,0,0,0
D:min9/b7,D:min9/b7,3,1,2,0,0
A:9/3,A:9/3,3,3,0,0,0
Bb:minmaj7/7,Bb:minmaj7/7,3,3,0,0,0
E:7(b9)/4,E:7(b9)/4,3,3,0,0,0
"B:7(b9,b13)","B:7(b9,b13)",3,3,0,0,0
F:7(#11),F:7(#11),3,3,0,0,0
F:min11,F:min11,3,3,0,0,0
E:dim/b5,E:dim/b5,3,3,0,0,0
Ab:maj(9)/6,Ab:maj(9)/6,3,3,0,0,0
Bb:min11/b7,Bb:min11/b7,3,3,0,0,0
A:9/5,A:9/5,3,1,1,1,0
F:min7(11),F:min7(11),3,3,0,0,0
"A:(11,9)","A:maj(11,9)",3,3,0,0,0
E:7(#11),E:7(#11),3,3,0,0,0
F:hdim7/b7,F:hdim7/b7,3,3,0,0,0
Db:maj6(9)/5,Db:maj6(9)/5,3,3,0,0,0
B:maj6/5,B:maj6/5,3,3,0,0,0
Eb:maj(b9),Eb:maj(b9),3,3,0,0,0
E:maj7(b1)/b1,E:maj7(b1)/b1,3,0,3,0,0
Db:min6(9),Db:min6(9),3,0,3,0,0
Eb:aug(7),Eb:aug(7),3,0,3,0,0
"B:sus4(b7,b9)","B:sus4(b7,b9)",3,0,3,0,0
"D:maj9(11,13)","D:maj9(11,13)",3,0,3,0,0
"Ab:9(11,13)/3","Ab:9(11,13)/3",3,0,3,0,0
Gb:maj(#5)/#5,Gb:maj(#5)/#5,3,0,3,0,0
F:min9/b7,F:min9/b7,3,0,3,0,0
C:maj9/5,C:maj9/5,3,0,3,0,0
"Cb:(3,b5,b7,b9)","B:7(b9,#11)",3,0,3,0,0
"D:(3,b5,b7,#9)","D:7(#9,#11)",3,0,3,0,0
"Eb:aug(b7,b9)","Eb:aug(b7,b9)",3,0,3,0,0
Db:maj(#5)/#5,Db:maj(#5)/#5,3,0,3,0,0
E:minmaj7/b3,E:minmaj7/b3,3,0,3,0,0
F:aug(7),F:aug(7),3,0,3,0,0
C#:9(#11),C#:9(#11),3,0,3,0,0
Db:min6(#9)/#9,Db:min6(#9)/#9,3,0,3,0,0
G:dim7/b3,G:dim7/b3,3,0,3,0,0
"C:7(b13,b9,11)","C:7(b13,b9,11)",3,0,3,0,0
D#:7(#9),D#:7(#9),3,0,3,0,0
"C#:7(#11,b9)","C#:7(#11,b9)",3,0,3,0,0
C:min9/9,C:min9/9,3,0,3,0,0
F#:maj9(#11),F#:maj9(#11),3,0,3,0,0
Bb:hdim7(9),Bb:hdim7(9),3,0,3,0,0
G:min(b6)/b6,G:min(b6)/b6,3,0,3,0,0
A:9/9,A:9/9,3,0,3,0,0
D:maj7/7,D:maj7/7,3,0,3,0,0
Bb:9/9,Bb:9/9,3,0,3,0,0
Eb:9/9,Eb:9/9,3,0,3,0,0
B:9/9,B:9/9,3,0,3,0,0
F:7(6)/6,F:7(6)/6,3,0,3,0,0
D:maj(4)/4,D:maj(4)/4,3,0,3,0,0
G:hdim7(4)/4,G:hdim7(4)/4,3,0,3,0,0
G:min(9)/9,G:min(9)/9,3,0,3,0,0
G:maj(b3)/3,G:maj(b3)/3,3,0,3,0,0
C:minmaj7/7,C:minmaj7/7,3,0,3,0,0
G:sus4(b9)/b9,G:sus4(b9)/b9,3,0,3,0,0
A:9(11),A:9(11),3,0,2,1,0
Gb:aug(b7),Gb:aug(b7),3,0,3,0,0
D:maj(b5)/b5,D:maj(#11)/b5,3,0,3,0,0
D#:min7/b7,D#:min7/b7,3,0,3,0,0
"Bb:maj9(11,13)","Bb:maj9(11,13)",3,0,3,0,0
Eb:maj(2)/3,Eb:maj(2)/3,3,0,3,0,0
F:min(4)/4,F:min(4)/4,3,0,3,0,0
F:min9/9,F:min9/9,3,0,3,0,0
F#:sus4/5,F#:sus4/5,3,0,3,0,0
Eb:hdim7(#4)/#4,Eb:hdim7(#4)/#4,3,0,3,0,0
B:maj6(4)/4,B:maj6(4)/4,3,0,3,0,0
B:7(b3)/b3,B:7(b3)/b3,3,0,3,0,0
"Eb:7(#11,#9)","Eb:7(#11,#9)",3,0,3,0,0
C:hdim7/b3,C:hdim7/b3,3,0,3,0,0
"G:(3,b5,b7,#9)","G:7(#9,#11)",3,0,3,0,0
"E:aug(b7,9)","E:aug(b7,9)",3,0,3,0,0
C:maj(b6)/b6,C:maj(b6)/b6,3,0,3,0,0
G:7(b9)/b7,G:7(b9)/b7,3,0,3,0,0
Bb:dim7(5)/5,Bb:dim7(5)/5,3,0,3,0,0
"F:7(#11,b9)","F:7(#11,b9)",3,0,3,0,0
"G:9(b13,11)/3","G:9(b13,11)/3",3,0,3,0,0
F#:7(4),F#:7(4),3,0,3,0,0
Bb:9/b7,Bb:9/b7,3,0,3,0,0
G:dim7(9)/9,G:dim7(9)/9,3,0,3,0,0
B:maj6(b9)/b9,B:maj6(b9)/b9,3,0,3,0,0
"F:(b3,#5)",F:min,3,0,3,0,0
"G:(3,b5,b7,b9)","G:7(b9,#11)",3,0,3,0,0
B:aug(9)/9,B:aug(9)/9,3,0,3,0,0
"F:maj9(#4,#11)/#4","F:maj9(#4,#11)/#4",3,0,3,0,0
G:sus4(2)/2,G:sus4(2)/2,3,0,0,3,0
B:dim7/b9,B:dim7/b9,3,0,0,3,0
Bb:dim7/5,Bb:dim7/5,3,0,0,3,0
F#:aug,F#:aug,3,0,0,3,0
F#:hdim7/b7,F#:hdim7/b7,3,0,0,3,0
G:maj(*1)/5,G:maj/5,3,0,0,3,0
"A:min7(*5,b6)","A:min7(5,b6)",3,0,0,3,0
D:7/2,D:7/2,3,0,0,3,0
B:min(6),B:min(6),3,0,0,3,0
Cb,B:maj,3,0,0,3,0
F#/4,F#:maj/4,3,0,0,3,0
F/7,F:maj/7,3,0,0,3,0
A:sus4(2),A:sus4(2),3,0,0,3,0
E:dim7/b3,E:dim7/b3,3,0,0,3,0
G:min6/4,G:min6/4,3,0,0,0,3
Db:maj/#1,Db:maj/#1,3,0,0,0,3
Ab:7/#4,Ab:7/#4,3,0,0,0,3
"A:(b3,5,b7,9,11)","A:min7(9,11)",3,0,0,0,3
"D:(3,5,b7,9,11,13)","D:7(9,11,13)",3,0,0,0,3
"F#:(3,5,b7,9,11,13)","F#:7(9,11,13)",3,0,0,0,3
"Bb:(3,5,6,9)","Bb:maj(6,9)",3,0,0,0,3
"F:(3,#5,7)",F:aug,3,0,0,0,3
"Ab:(3,5,b7,b9)",Ab:7(b9),3,0,0,0,3
"F:(3,5,b7,b9,11,b13)","F:7(b9,11,b13)",3,0,0,0,3
Db:9/5,Db:9/5,3,0,0,0,3
"A:(3,#5,7,9)",A:aug(9),3,0,0,0,3
"E:(4,5,b7)/4",E:sus4/4,3,0,0,0,3
"Db:(3,#5,7,9)",Db:aug(9),3,0,0,0,3
"C:(3,#5,7,9)",C:aug(9),3,0,0,0,3
"D:(3,5,7,9,#11)","D:maj7(9,#11)",3,0,0,0,3
G:sus2,G:sus2,2,2,0,0,0
Db:minmaj7/5,Db:minmaj7/5,2,2,0,0,0
Db:sus2,Db:sus2,2,2,0,0,0
"Fb:(3,7)",E:maj7,2,2,0,0,0
Ab:5/5,Ab:5/5,2,2,0,0,0
Ab:maj/b7,Ab:maj/b7,2,2,0,0,0
Ab:maj/6,Ab:maj/6,2,2,0,0,0
Db:sus4(9),Db:sus4(9),2,2,0,0,0
F:min9/4,F:min9/4,2,2,0,0,0
E:hdim7/b3,E:hdim7/b3,2,2,0,0,0
B:dim(b13),B:dim(b13),2,2,0,0,0
"D:7(b9,#11)","D:7(b9,#11)",2,2,0,0,0
F#:hdim7/b3,F#:hdim7/b3,2,2,0,0,0
D:7(#11),D:7(#11),2,2,0,0,0
B:maj/b4,B:maj/b4,2,2,0,0,0
A:min7(11),A:min7(11),2,2,0,0,0
A:hdim7/b5,A:hdim7/b5,2,2,0,0,0
C:min(9)/5,C:min(9)/5,2,2,0,0,0
F:sus2(b7),F:sus2(b7),2,2,0,0,0
C:min6/2,C:min6/2,2,2,0,0,0
D:maj6(7),D:maj6(7),2,2,0,0,0
D:min6(7),D:min6(7),2,2,0,0,0
G:maj(11)/4,G:maj(11)/4,2,2,0,0,0
C:min/6,C:min/6,2,1,0,1,0
C#:min(11),C#:min(11),2,2,0,0,0
B:min(11)/b7,B:min(11)/b7,2,2,0,0,0
"Eb:sus4(b7,9,#11)","Eb:sus4(b7,9,#11)",2,2,0,0,0
C#:min11,C#:min11,2,2,0,0,0
F:sus2/3,F:sus2/3,2,2,0,0,0
A:maj(11)/b7,A:maj(11)/b7,2,2,0,0,0
"Eb:sus4(b7,9)/5","Eb:sus4(b7,9)/5",2,2,0,0,0
F:maj7/4,F:maj7/4,2,2,0,0,0
C:maj6(7),C:maj6(7),2,2,0,0,0
F:dim/#4,F:dim/#4,2,2,0,0,0
D#:maj/b6,D#:maj/b6,2,2,0,0,0
C:dim/7,C:dim/7,2,2,0,0,0
"F#:(b5,b7,3)",F#:7(#11),2,2,0,0,0
"C:(b5,b7,3)",C:7(#11),2,2,0,0,0
"Eb:(b5,b7,3)",Eb:7(#11),2,2,0,0,0
"G:(b5,b7,3)",G:7(#11),2,2,0,0,0
F#:7/b2,F#:7/b2,2,2,0,0,0
F#:min7(11),F#:min7(11),2,2,0,0,0
G#:min7(11),G#:min7(11),2,2,0,0,0
"Bb:sus4(b7,9,13)","Bb:sus4(b7,9,13)",2,2,0,0,0
Ab:min7/5,Ab:min7/5,2,2,0,0,0
Db:min/5,Db:min/5,2,1,1,0,0
"F:sus4(b7,9)/2","F:sus4(b7,9)/2",2,2,0,0,0
B:7(b9)/3,B:7(b9)/3,2,2,0,0,0
G:maj/#4,G:maj/#4,2,2,0,0,0
C:7(b9)/b2,C:7(b9)/b2,2,2,0,0,0
Bb:min/2,Bb:min/2,2,2,0,0,0
Cb:maj9,B:maj9,2,2,0,0,0
Bb:9/3,Bb:9/3,2,2,0,0,0
Gb:min/3,Gb:min/3,2,2,0,0,0
Ab:maj6(b7),Ab:maj6(b7),2,2,0,0,0
Eb:min6(#11),Eb:min6(#11),2,2,0,0,0
C#:dim7/b3,C#:dim7/b3,2,2,0,0,0
B:min11/b7,B:min11/b7,2,2,0,0,0
A#:1/1,A#:1/1,2,2,0,0,0
Db:min(9),Db:min(9),2,2,0,0,0
Gb:maj6(b7),Gb:maj6(b7),2,2,0,0,0
Fb:5(b7),E:5(b7),2,2,0,0,0
C:5(b7),C:5(b7),2,2,0,0,0
C:5(13),C:5(13),2,2,0,0,0
Fb:maj7,E:maj7,2,2,0,0,0
A:maj6/3,A:maj6/3,2,2,0,0,0
C#:7/4,C#:7/4,2,2,0,0,0
A:(b7)/b7,A:maj/b7,2,2,0,0,0
A:(13)/6,A:maj(13)/6,2,2,0,0,0
F:(3),F:maj,2,2,0,0,0
E:min9/2,E:min9/2,2,2,0,0,0
D:maj13,D:maj13,2,2,0,0,0
B:maj/2,B:maj/2,2,2,0,0,0
B:maj6(b9),B:maj6(b9),2,2,0,0,0
D:sus4(b7)/2,D:sus4(b7)/2,2,2,0,0,0
D:hdim7/b3,D:hdim7/b3,2,2,0,0,0
A:min(9)/b7,A:min(9)/b7,2,2,0,0,0
A:min(9)/6,A:min(9)/6,2,2,0,0,0
A:min9(b13),A:min9(b13),2,2,0,0,0
F:maj(#11),F:maj(#11),2,2,0,0,0
B:maj7(b5)/b5,B:maj7(#11)/b5,2,0,2,0,0
G:aug(7),G:aug(7),2,0,2,0,0
"F:(3,b5,b7)",F:7(#11),2,0,2,0,0
"C#:aug(b7,#9)","C#:aug(b7,#9)",2,0,2,0,0
"Eb:(3,b5,b7,b9)","Eb:7(b9,#11)",2,0,2,0,0
C:9/b7,C:9/b7,2,0,2,0,0
C:min6(b7)/b7,C:min6(b7)/b7,2,0,2,0,0
B:maj(b9)/b9,B:maj(b9)/b9,2,0,2,0,0
"A:(b3,#5)",A:min,2,0,2,0,0
F:maj9(#11)/7,F:maj9(#11)/7,2,0,2,0,0
Db:aug(7)/3,Db:aug(7)/3,2,0,2,0,0
C:maj(b9)/b9,C:maj(b9)/b9,2,0,2,0,0
Gb:minmaj7,Gb:minmaj7,2,0,2,0,0
"G:(3,b5,b7,9)","G:7(9,#11)",2,0,2,0,0
Eb:maj6(7)/6,Eb:maj6(7)/6,2,0,2,0,0
D:maj9(#11)/3,D:maj9(#11)/3,2,0,2,0,0
E:maj9(#11)/3,E:maj9(#11)/3,2,0,2,0,0
C#:hdim7/b5,C#:hdim7/b5,2,0,2,0,0
C:dim7(5)/5,C:dim7(5)/5,2,0,2,0,0
A:maj(b9)/b9,A:maj(b9)/b9,2,0,2,0,0
Bb:hdim7/b7,Bb:hdim7/b7,2,0,2,0,0
"A:7(4,b9)/4","A:7(4,b9)/4",2,0,2,0,0
"A:7(11,#9,13)","A:7(11,#9,13)",2,0,2,0,0
E:7(#9)/5,E:7(#9)/5,2,0,2,0,0
A#:min9(11),A#:min9(11),2,0,2,0,0
"D#:7(11,b9,13)","D#:7(11,b9,13)",2,0,2,0,0
"G#:9(11,13)","G#:9(11,13)",2,0,2,0,0
B:dim7(b9)/b9,B:dim7(b9)/b9,2,0,2,0,0
F#:min6/b3,F#:min6/b3,2,0,2,0,0
B:maj9/3,B:maj9/3,2,0,2,0,0
"Db:(3,b5,b7,9)","Db:7(9,#11)",2,0,2,0,0
"A:9(11,13)/3","A:9(11,13)/3",2,0,2,0,0
"G#:aug(b7,b9)","G#:aug(b7,b9)",2,0,2,0,0
"A:maj7(#9,b9)","A:maj7(#9,b9)",2,0,2,0,0
Bb:aug(7)/#5,Bb:aug(7)/#5,2,0,2,0,0
A:hdim7(9),A:hdim7(9),2,0,2,0,0
E:hdim7(9),E:hdim7(9),2,0,2,0,0
D:minmaj7(9),D:minmaj7(9),2,0,2,0,0
"C#:(3,b5,b7,b9)","C#:7(b9,#11)",2,0,2,0,0
G:dim7(5)/5,G:dim7(5)/5,2,0,2,0,0
Gb:dim7(#5)/#5,Gb:dim7(#5)/#5,2,0,2,0,0
F:dim7(6)/6,F:dim7(6)/6,2,0,2,0,0
"G#:maj(b4,9)/b4","G#:maj(b4,9)/b4",2,0,2,0,0
F#:maj7/5,F#:maj7/5,2,0,2,0,0
"C#:7(b13,b9,11)","C#:7(b13,b9,11)",2,0,2,0,0
G:maj9/3,G:maj9/3,2,0,2,0,0
"Gb:aug(b7,9)","Gb:aug(b7,9)",2,0,2,0,0
C:maj6(7)/7,C:maj6(7)/7,2,0,2,0,0
A:minmaj7(9),A:minmaj7(9),2,0,2,0,0
C:maj9/7,C:maj9/7,2,0,2,0,0
Db:min7(#6)/#6,Db:min7(#6)/#6,2,0,2,0,0
"D#:(3,b5,b7,b9)","D#:7(b9,#11)",2,0,2,0,0
D:7(b5)/b5,D:7(#11)/b5,2,0,2,0,0
"Db:aug(b7,#9)","Db:aug(b7,#9)",2,0,2,0,0
G:maj7(4)/4,G:maj7(4)/4,2,0,2,0,0
"Db:(3,b5,b7,b9)","Db:7(b9,#11)",2,0,2,0,0
F#:7(6)/6,F#:7(6)/6,2,0,2,0,0
D:dim7(5)/5,D:dim7(5)/5,2,0,2,0,0
C:min6/5,C:min6/5,2,0,2,0,0
E:maj(2)/3,E:maj(2)/3,2,0,2,0,0
F:maj(2)/3,F:maj(2)/3,2,0,2,0,0
"Ab:sus4(b7,b9)/5","Ab:sus4(b7,b9)/5",2,0,2,0,0
D#:min6,D#:min6,2,0,2,0,0
F#:maj6(9),F#:maj6(9),2,0,2,0,0
G:maj6(7)/7,G:maj6(7)/7,2,0,2,0,0
Db:maj6/3,Db:maj6/3,2,0,2,0,0
C:maj7(4)/4,C:maj7(4)/4,2,0,2,0,0
Eb:sus4/4,Eb:sus4/4,2,0,2,0,0
Eb:sus4/5,Eb:sus4/5,2,0,2,0,0
Bb:min9/5,Bb:min9/5,2,0,2,0,0
D:maj(9)/5,D:maj(9)/5,2,0,2,0,0
D:min(b1)/b1,D:min(b1)/b1,2,0,2,0,0
"D#:sus4(b7,b9)","D#:sus4(b7,b9)",2,0,2,0,0
A:min6(4)/4,A:min6(4)/4,2,0,2,0,0
"B:9(11,b9,13)/b9","B:9(11,b9,13)/b9",2,0,2,0,0
C#:7(b4)/b4,C#:7(b4)/b4,2,0,2,0,0
A:aug(b7)/3,A:aug(b7)/3,2,0,2,0,0
F#:7(4)/4,F#:7(4)/4,2,0,2,0,0
Db:maj(#1)/#1,Db:maj(#1)/#1,2,0,2,0,0
Db:maj(#9)/#9,Db:maj(#9)/#9,2,0,2,0,0
Eb:maj(#5)/#5,Eb:maj(#5)/#5,2,0,2,0,0
Eb:7(6)/6,Eb:7(6)/6,2,0,2,0,0
Eb:7(#5)/#5,Eb:7(#5)/#5,2,0,2,0,0
Eb:maj(#4)/#4,Eb:maj(#4)/#4,2,0,2,0,0
F:hdim7(#4)/#4,F:hdim7(#4)/#4,2,0,2,0,0
E:min(b6),E:min(b6),2,0,2,0,0
B:min(9)/9,B:min(9)/9,2,0,2,0,0
E:min(9)/9,E:min(9)/9,2,0,2,0,0
"Ab:aug(7,9)/9","Ab:aug(7,9)/9",2,0,2,0,0
"Ab:9(11,4,13)/3","Ab:9(11,4,13)/3",2,0,2,0,0
F:minmaj7(9)/9,F:minmaj7(9)/9,2,0,2,0,0
D:min(b6)/b6,D:min(b6)/b6,2,0,2,0,0
D:maj(b6)/b6,D:maj(b6)/b6,2,0,2,0,0
"B:aug(b7,9)","B:aug(b7,9)",2,0,2,0,0
"C:(3,b5,b7,b9,b13)/b6","C:7(b9,b13,#11)/b6",2,0,2,0,0
B:minmaj7/b3,B:minmaj7/b3,2,0,2,0,0
Eb:9(#11)/3,Eb:9(#11)/3,2,0,2,0,0
F:min9(11)/b3,F:min9(11)/b3,2,0,2,0,0
Bb:aug(7)/7,Bb:aug(7)/7,2,0,2,0,0
Db:maj9/9,Db:maj9/9,2,0,2,0,0
D:maj(b3)/b3,D:maj(b3)/b3,2,0,2,0,0
G:dim/b3,G:dim/b3,2,0,1,1,0
Eb:7(#4)/#4,Eb:7(#4)/#4,2,0,2,0,0
"A:maj9(#11,b1)/b1","A:maj9(#11,b1)/b1",2,0,2,0,0
Ab:7(#4)/#4,Ab:7(#4)/#4,2,0,2,0,0
Gb:min9/9,Gb:min9/9,2,0,2,0,0
"D:sus4(b7,13,11,9)","D:sus4(b7,13,11,9)",2,0,2,0,0
G:hdim7(b9)/b9,G:hdim7(b9)/b9,2,0,2,0,0
Db:min(b6),Db:min(b6),2,0,2,0,0
D:maj6(9)/9,D:maj6(9)/9,2,0,2,0,0
C:maj(#5)/#5,C:maj(#5)/#5,2,0,2,0,0
B:min9/9,B:min9/9,2,0,2,0,0
Ab:aug(7),Ab:aug(7),2,0,2,0,0
D#:maj6,D#:maj6,2,0,2,0,0
"C:(b3,#5)",C:min,2,0,2,0,0
E:hdim7(4)/4,E:hdim7(4)/4,2,0,2,0,0
G:hdim7(9),G:hdim7(9),2,0,2,0,0
"Db:(3,b5,b7)",Db:7(#11),2,0,2,0,0
C:maj(4)/4,C:maj(4)/4,2,0,2,0,0
Ab:maj(#5)/#5,Ab:maj(#5)/#5,2,0,2,0,0
"D:7(b13,b9,11)","D:7(b13,b9,11)",2,0,2,0,0
Db:7(#9)/5,Db:7(#9)/5,2,0,2,0,0
C:7(#9)/5,C:7(#9)/5,2,0,2,0,0
"Bb:9(11,13)/5","Bb:9(11,13)/5",2,0,2,0,0
G:hdim7/b7,G:hdim7/b7,2,0,2,0,0
F:maj9(#4)/#4,F:maj9(#4)/#4,2,0,2,0,0
"Db:maj9(11,13)","Db:maj9(11,13)",2,0,2,0,0
"E:9(b5,#11)/b5",E:9(#11)/b5,2,0,2,0,0
"Gb:9(11,13)/3","Gb:9(11,13)/3",2,0,2,0,0
"F:(3,b5,b7,#9)","F:7(#9,#11)",2,0,2,0,0
A:aug/#5,A:aug/#5,2,0,0,2,0
D:min7(4)/5,D:min7(4)/5,2,0,0,2,0
F:maj(9)/6,F:maj(9)/6,2,0,0,2,0
C:maj(2),C:maj(2),2,0,0,2,0
A/9,A:maj/9,2,0,0,2,0
E/6,E:maj/6,2,0,0,2,0
Bb:sus2(b7),Bb:sus2(b7),2,0,0,2,0
A/7,A:maj/7,2,0,0,2,0
C:dim7/2,C:dim7/2,2,0,0,2,0
A/4,A:maj/4,2,0,0,2,0
B:hdim7/b3,B:hdim7/b3,2,0,0,2,0
B:aug/3,B:aug/3,2,0,0,2,0
F#:min(b6)/5,F#:min(b6)/5,2,0,0,2,0
G:9(*3),G:9(3),2,0,0,2,0
"C#:(1,5)",C#:5,2,0,0,2,0
"C:(1,5)",C:5,2,0,0,2,0
C#:(1),C#:maj,2,0,0,2,0
Bb:(1),Bb:maj,2,0,0,2,0
G:min(9)/b3,G:min(9)/b3,2,0,0,2,0
Db/2,Db:maj/2,2,0,0,2,0
"F:(1,5,9)",F:5(9),2,0,0,2,0
E:9(11),E:9(11),2,0,0,2,0
D:(*5),D:5,2,0,0,2,0
Eb:7/#5,Eb:7/#5,2,0,0,2,0
B:(6),B:maj(6),2,0,0,2,0
F:maj(*3),F:maj(3),2,0,0,2,0
E:maj6/b7,E:maj6/b7,2,0,0,2,0
"F#:(1,4,b7)",F#:sus4,2,0,0,2,0
G:7/b2,G:7/b2,2,0,0,2,0
G:7/2,G:7/2,2,0,0,2,0
A:min(2),A:min(2),2,0,0,2,0
E:min(*5),E:min(5),2,0,0,2,0
"F:(3,#5,b7,9,#11)","F:aug(9,#11)",2,0,0,0,2
"Ab:(3,5,b7,9,11,b13)","Ab:7(9,11,b13)",2,0,0,0,2
"F:(3,5,b7,9,11,b13)","F:7(9,11,b13)",2,0,0,0,2
"E:(3,5,b7,9,11,13)","E:7(9,11,13)",2,0,0,0,2
"Bb:(3,5,b7,9,11,b13)","Bb:7(9,11,b13)",2,0,0,0,2
"Bb:(3,5,b7,9,#11)","Bb:7(9,#11)",2,0,0,0,2
Fb:min7,E:min7,2,0,0,0,2
E:maj/b3,E:maj/b3,2,0,0,0,2
Gb:maj/#9,Gb:maj/#9,2,0,0,0,2
"E:(3,5,7,#9)",E:maj7(#9),2,0,0,0,2
"G:(3,5,7,9,#11)","G:maj7(9,#11)",2,0,0,0,2
Gb:maj/7,Gb:maj/7,2,0,0,0,2
A:maj/b3,A:maj/b3,2,0,0,0,2
Db:aug/7,Db:aug/7,2,0,0,0,2
"Db:(3,5,b7,#9,#11)","Db:7(#9,#11)",2,0,0,0,2
"G:(3,#5,7,9)",G:aug(9),2,0,0,0,2
"Ab:(3,#5,7)/3",Ab:aug/3,2,0,0,0,2
"G:(4,5,b7,9)",G:sus4(9),2,0,0,0,2
"Bb:(3,5,7,9,#11)","Bb:maj7(9,#11)",2,0,0,0,2
"Ab:(3,#5,b7)",Ab:aug,2,0,0,0,2
G:maj7(#9),G:maj7(#9),1,1,0,0,0
E:min(9)/7,E:min(9)/7,1,1,0,0,0
A:maj7/2,A:maj7/2,1,1,0,0,0
G:maj/b3,G:maj/b3,1,1,0,0,0
Gb:maj/b7,Gb:maj/b7,1,1,0,0,0
B:7(11),B:7(11),1,1,0,0,0
Bb:(3),Bb:maj,1,1,0,0,0
D:(#5),D:maj,1,1,0,0,0
D:maj/b3,D:maj/b3,1,1,0,0,0
B:min11/5,B:min11/5,1,1,0,0,0
C#:min7/4,C#:min7/4,1,1,0,0,0
C#:hdim7/4,C#:hdim7/4,1,1,0,0,0
D:min6/2,D:min6/2,1,1,0,0,0
G#:min/7,G#:min/7,1,1,0,0,0
G#:min/bb7,G#:min/bb7,1,1,0,0,0
B:maj/6,B:maj/6,1,1,0,0,0
E:min6/2,E:min6/2,1,1,0,0,0
F:7/2,F:7/2,1,1,0,0,0
G:min11/b3,G:min11/b3,1,1,0,0,0
F#:maj/b3,F#:maj/b3,1,1,0,0,0
Eb:maj6(7),Eb:maj6(7),1,1,0,0,0
Eb:min7/4,Eb:min7/4,1,1,0,0,0
D:5/5,D:5/5,1,1,0,0,0
F#:min/b8,F#:min/b8,1,1,0,0,0
F#:maj6/6,F#:maj6/6,1,1,0,0,0
B:sus2(b7),B:sus2(b7),1,1,0,0,0
"F#:sus4(b13,b7)","F#:sus4(b13,b7)",1,1,0,0,0
F#:7(b13),F#:7(b13),1,1,0,0,0
"B:min(11,9)","B:min(11,9)",1,1,0,0,0
"E:min(11,9)","E:min(11,9)",1,1,0,0,0
C:sus2(#11),C:sus2(#11),1,1,0,0,0
D:sus4/b7,D:sus4/b7,1,1,0,0,0
"Bb:(b5,b7,3)",Bb:7(#11),1,1,0,0,0
C:sus4/7,C:sus4/7,1,1,0,0,0
G:sus4/2,G:sus4/2,1,1,0,0,0
D:min(11),D:min(11),1,1,0,0,0
"Eb:maj(9,#11)","Eb:maj(9,#11)",1,1,0,0,0
Db:7/4,Db:7/4,1,1,0,0,0
C:sus4/5,C:sus4/5,1,1,0,0,0
Ab:maj13,Ab:maj13,1,1,0,0,0
Cb:min6,B:min6,1,1,0,0,0
Gb:maj6/5,Gb:maj6/5,1,1,0,0,0
Ab:maj6(7),Ab:maj6(7),1,1,0,0,0
Eb:min9/b7,Eb:min9/b7,1,1,0,0,0
Gb:13,Gb:13,1,1,0,0,0
Bb:maj6/b7,Bb:maj6/b7,1,1,0,0,0
F:sus4(b7)/b7,F:sus4(b7)/b7,1,1,0,0,0
Eb:maj7(#5),Eb:maj7(#5),1,1,0,0,0
G:7/b5,G:7/b5,1,1,0,0,0
D:min11/5,D:min11/5,1,1,0,0,0
Db:dim/b3,Db:dim/b3,1,1,0,0,0
A:7/2,A:7/2,1,1,0,0,0
A:7/6,A:7/6,1,1,0,0,0
F:(b3),F:min,1,1,0,0,0
"Bb:7(b9,b13)","Bb:7(b9,b13)",1,1,0,0,0
F#:7/6,F#:7/6,1,1,0,0,0
B:7/6,B:7/6,1,1,0,0,0
"E:(b5,b7,3)/b5",E:7(#11)/b5,1,1,0,0,0
B:sus4(b7)/4,B:sus4(b7)/4,1,1,0,0,0
B:min7/b2,B:min7/b2,1,1,0,0,0
F:min6(9)/5,F:min6(9)/5,1,1,0,0,0
G:5(b7),G:5(b7),1,1,0,0,0
E:(3)/3,E:maj/3,1,1,0,0,0
Bb:maj13,Bb:maj13,1,1,0,0,0
F:maj9/4,F:maj9/4,1,1,0,0,0
F:maj(b3)/3,F:maj(b3)/3,1,0,1,0,0
Bb:maj7(#4)/#4,Bb:maj7(#4)/#4,1,0,1,0,0
F#:hdim7(4)/4,F#:hdim7(4)/4,1,0,1,0,0
F:hdim7(9),F:hdim7(9),1,0,1,0,0
F#:aug(7),F#:aug(7),1,0,1,0,0
C#:maj(b9)/b9,C#:maj(b9)/b9,1,0,1,0,0
F#:min9(4)/4,F#:min9(4)/4,1,0,1,0,0
F#:aug(b5)/b5,F#:aug(b5)/b5,1,0,1,0,0
"Bb:aug(7,9)/9","Bb:aug(7,9)/9",1,0,1,0,0
"D:7(#11,#9)","D:7(#11,#9)",1,0,1,0,0
"Db:7(#11,#9)","Db:7(#11,#9)",1,0,1,0,0
"C:7(#11,#9)","C:7(#11,#9)",1,0,1,0,0
"C:7(b5,b9)/b5","C:7(b9,#11)/b5",1,0,1,0,0
C:aug/#5,C:aug/#5,1,0,1,0,0
D:maj7(b1)/b1,D:maj7(b1)/b1,1,0,1,0,0
G:minmaj7(9)/9,G:minmaj7(9)/9,1,0,1,0,0
"Db:7(11,b9,13)","Db:7(11,b9,13)",1,0,1,0,0
"Db:aug(b7,9)","Db:aug(b7,9)",1,0,1,0,0
F:7(b9)/3,F:7(b9)/3,1,0,1,0,0
Bb:min9/b7,Bb:min9/b7,1,0,1,0,0
Gb:7(#6)/#6,Gb:7(#6)/#6,1,0,1,0,0
D:min(9)/9,D:min(9)/9,1,0,1,0,0
Gb:7(b9),Gb:7(b9),1,0,1,0,0
D:hdim7(9),D:hdim7(9),1,0,1,0,0
C:dim(7),C:dim(7),1,0,1,0,0
C:min9/b3,C:min9/b3,1,0,1,0,0
Bb:maj(9)/5,Bb:maj(9)/5,1,0,1,0,0
Ab:minmaj7/7,Ab:minmaj7/7,1,0,1,0,0
B:7(4),B:7(4),1,0,1,0,0
E:7(b5)/b5,E:7(#11)/b5,1,0,1,0,0
Ab:dim7(3)/3,Ab:dim7(3)/3,1,0,1,0,0
"A:sus4(b7,b9)","A:sus4(b7,b9)",1,0,1,0,0
Eb:dim7(5)/5,Eb:dim7(5)/5,1,0,1,0,0
A:maj(b1)/b1,A:maj(b1)/b1,1,0,1,0,0
D:7(b9)/5,D:7(b9)/5,1,0,1,0,0
D:minmaj7/7,D:minmaj7/7,1,0,1,0,0
"G:7(4,b9)/4","G:7(4,b9)/4",1,0,1,0,0
"Bb:7(4,b9)/4","Bb:7(4,b9)/4",1,0,1,0,0
B:maj(b1)/b1,B:maj(b1)/b1,1,0,1,0,0
D:7(b6)/b6,D:7(b6)/b6,1,0,1,0,0
F:dim7(b7)/b7,F:dim7(b7)/b7,1,0,1,0,0
A:hdim7(4)/4,A:hdim7(4)/4,1,0,1,0,0
A#:9,A#:9,1,0,1,0,0
"A#:9(11,13)","A#:9(11,13)",1,0,1,0,0
D#:9,D#:9,1,0,1,0,0
"Db:7(b13,b9,11)","Db:7(b13,b9,11)",1,0,1,0,0
G#:maj6,G#:maj6,1,0,1,0,0
"Bb:aug(b7,9)","Bb:aug(b7,9)",1,0,1,0,0
A:maj6(9)/3,A:maj6(9)/3,1,0,1,0,0
A:min6/b3,A:min6/b3,1,0,1,0,0
"G#:aug(b7,#9,b9)/b9","G#:aug(b7,#9,b9)/b9",1,0,1,0,0
G:9(11),G:9(11),1,0,1,0,0
C:9(11),C:9(11),1,0,1,0,0
Gb:maj7/3,Gb:maj7/3,1,0,1,0,0
G#:min7/5,G#:min7/5,1,0,1,0,0
"F:9(11,b9,13)/b9","F:9(11,b9,13)/b9",1,0,1,0,0
B:9(b5)/b5,B:9(#11)/b5,1,0,1,0,0
"D:7(#11,b9)","D:7(#11,b9)",1,0,1,0,0
"A:9(b13,11)/b7","A:9(b13,11)/b7",1,0,1,0,0
Ab:min(4)/4,Ab:min(4)/4,1,0,1,0,0
A:min(b6)/b6,A:min(b6)/b6,1,0,1,0,0
G#:7(b4)/b4,G#:7(b4)/b4,1,0,1,0,0
A:min6(9),A:min6(9),1,0,1,0,0
Ab:maj(2)/3,Ab:maj(2)/3,1,0,1,0,0
Gb:maj(2)/3,Gb:maj(2)/3,1,0,1,0,0
"Ab:sus4(b7,b9)/4","Ab:sus4(b7,b9)/4",1,0,1,0,0
G#:maj9,G#:maj9,1,0,1,0,0
G:maj(4)/3,G:maj(4)/3,1,0,1,0,0
C:min6(9)/9,C:min6(9)/9,1,0,1,0,0
"D:(2,5)",D:sus2,1,0,1,0,0
E:sus4(b7)/4,E:sus4(b7)/4,1,0,1,0,0
A:min9(11)/b7,A:min9(11)/b7,1,0,1,0,0
A:sus4(6)/6,A:sus4(6)/6,1,0,1,0,0
F#:maj(b1)/b1,F#:maj(b1)/b1,1,0,1,0,0
Ab:7(#6)/#6,Ab:7(#6)/#6,1,0,1,0,0
B:min(b6),B:min(b6),1,0,1,0,0
D:9/3,D:9/3,1,0,1,0,0
Bb:aug(b7)/3,Bb:aug(b7)/3,1,0,1,0,0
D:7(4)/4,D:7(4)/4,1,0,1,0,0
Gb:maj9/9,Gb:maj9/9,1,0,1,0,0
A:7(6)/6,A:7(6)/6,1,0,1,0,0
E:maj6/5,E:maj6/5,1,0,1,0,0
G:maj9/7,G:maj9/7,1,0,1,0,0
"F#:(3,b5,b7,#9)","F#:7(#9,#11)",1,0,1,0,0
Cb:maj/3,B:maj/3,1,0,1,0,0
C:min(b5)/b5,C:min(b5)/b5,1,0,1,0,0
Bb:7(4)/4,Bb:7(4)/4,1,0,1,0,0
G:7(4)/4,G:7(4)/4,1,0,1,0,0
E:min7(b1)/b1,E:min7(b1)/b1,1,0,1,0,0
E:min7(bb7)/bb7,E:min7(bb7)/bb7,1,0,1,0,0
Ab:maj(#9)/#9,Ab:maj(#9)/#9,1,0,1,0,0
F#:min6/6,F#:min6/6,1,0,1,0,0
B:min7(bb3)/bb3,B:min7(bb3)/bb3,1,0,1,0,0
C:maj6/6,C:maj6/6,1,0,1,0,0
D#:(5),D#:5,1,0,1,0,0
"E:sus4(b7,13,11,9)/4","E:sus4(b7,13,11,9)/4",1,0,1,0,0
"Gb:(2,5)",Gb:sus2,1,0,1,0,0
D:min(4)/b3,D:min(4)/b3,1,0,1,0,0
C#:minmaj7,C#:minmaj7,1,0,1,0,0
Cb:maj9(#11),B:maj9(#11),1,0,1,0,0
"B:(3,b5,b7,b9)","B:7(b9,#11)",1,0,1,0,0
"Eb:aug(b7,9)","Eb:aug(b7,9)",1,0,1,0,0
F#:maj7/3,F#:maj7/3,1,0,1,0,0
"D:aug(b7,9)","D:aug(b7,9)",1,0,1,0,0
G:aug(7)/7,G:aug(7)/7,1,0,1,0,0
"E:(3,b5,b7,b9)","E:7(b9,#11)",1,0,1,0,0
E:7(b9)/b9,E:7(b9)/b9,1,0,1,0,0
"C:9(b13,11)/3","C:9(b13,11)/3",1,0,1,0,0
Eb:maj9(#11)/3,Eb:maj9(#11)/3,1,0,1,0,0
"Bb:7(11,4,b9,13)/4","Bb:7(11,4,b9,13)/4",1,0,1,0,0
Ab:maj7(#5)/5,Ab:maj7(#5)/5,1,0,1,0,0
A:min7(b9)/b9,A:min7(b9)/b9,1,0,1,0,0
"Ab:7(#11,b9)","Ab:7(#11,b9)",1,0,1,0,0
"Eb:9(13,#11)","Eb:9(13,#11)",1,0,1,0,0
B:min9/b7,B:min9/b7,1,0,1,0,0
"G:min9(11,4)/4","G:min9(11,4)/4",1,0,1,0,0
"F#:min9(11,4)/4","F#:min9(11,4)/4",1,0,1,0,0
"E:9(b13,11)/3","E:9(b13,11)/3",1,0,1,0,0
"Eb:(3,b5,b7)",Eb:7(#11),1,0,1,0,0
G:maj(b3)/b3,G:maj(b3)/b3,1,0,1,0,0
G:7(b9)/3,G:7(b9)/3,1,0,1,0,0
B:min6(9)/9,B:min6(9)/9,1,0,1,0,0
C:maj(#1)/#1,C:maj(#1)/#1,1,0,1,0,0
"B:maj7(#9,b9)","B:maj7(#9,b9)",1,0,1,0,0
B:maj9/9,B:maj9/9,1,0,1,0,0
F#:maj9,F#:maj9,1,0,1,0,0
C:7(4)/4,C:7(4)/4,1,0,1,0,0
E:7(#9)/3,E:7(#9)/3,1,0,1,0,0
D:maj(#5)/#5,D:maj(#5)/#5,1,0,1,0,0
Gb:aug(7),Gb:aug(7),1,0,1,0,0
C:9/9,C:9/9,1,0,1,0,0
Gb:maj6(9)/9,Gb:maj6(9)/9,1,0,1,0,0
F:maj6(9)/9,F:maj6(9)/9,1,0,1,0,0
"Bb:(2,5)/5",Bb:sus2/5,1,0,1,0,0
"G:(b3,#5)",G:min,1,0,1,0,0
F#:maj(4)/4,F#:maj(4)/4,1,0,1,0,0
Bb:maj(#1)/#1,Bb:maj(#1)/#1,1,0,1,0,0
D#:maj(b5)/b5,D#:maj(#11)/b5,1,0,1,0,0
C#:maj(b6)/b6,C#:maj(b6)/b6,1,0,1,0,0
Ab:aug(9)/9,Ab:aug(9)/9,1,0,1,0,0
Bb:dim(3)/3,Bb:dim(3)/3,1,0,1,0,0
A:min7(b6)/b6,A:min7(b6)/b6,1,0,1,0,0
"C#:aug(b7,9)","C#:aug(b7,9)",1,0,1,0,0
A:min9/9,A:min9/9,1,0,1,0,0
"Eb:7(#11,b9)","Eb:7(#11,b9)",1,0,1,0,0
"D:(3,b5,b7,b9,b13)/b6","D:7(b9,b13,#11)/b6",1,0,1,0,0
E:min9(11)/b7,E:min9(11)/b7,1,0,1,0,0
A:maj9(#11)/7,A:maj9(#11)/7,1,0,1,0,0
C#:maj9(#11),C#:maj9(#11),1,0,1,0,0
D:maj9(#11)/9,D:maj9(#11)/9,1,0,1,0,0
"E:7(#11,b9)","E:7(#11,b9)",1,0,1,0,0
Eb/6,Eb:maj/6,1,0,0,1,0
D:maj(*3),D:maj(3),1,0,0,1,0
C/4,C:maj/4,1,0,0,1,0
"A:(1,2,4)",A:sus4,1,0,0,1,0
A:min7(*b3),A:min7(b3),1,0,0,1,0
D:min7(*b3),D:min7(b3),1,0,0,1,0
G/#4,G:maj/#4,1,0,0,1,0
B:maj/9,B:maj/9,1,0,0,1,0
F/b7,F:maj/b7,1,0,0,1,0
A/6,A:maj/6,1,0,0,1,0
A/b6,A:maj/b6,1,0,0,1,0
C/2,C:maj/2,1,0,0,1,0
C:maj(4),C:maj(4),1,0,0,1,0
Bb:dim7/7,Bb:dim7/7,1,0,0,1,0
E:min(2),E:min(2),1,0,0,1,0
E/b6,E:maj/b6,1,0,0,1,0
D:sus4(9),D:sus4(9),1,0,0,1,0
"B:(b3,5)",B:min,1,0,0,1,0
A:min(*5),A:min(5),1,0,0,1,0
C#/3,C#:maj/3,1,0,0,1,0
F#:dim/b7,F#:dim/b7,1,0,0,1,0
C#:min/4,C#:min/4,1,0,0,1,0
"E:aug(9,11)","E:aug(9,11)",1,0,0,1,0
D:maj(11),D:maj(11),1,0,0,1,0
G:(b6),G:maj(b6),1,0,0,1,0
Cb/5,B:maj/5,1,0,0,1,0
C:(3),C:maj,1,0,0,1,0
A:maj(2),A:maj(2),1,0,0,1,0
E:sus4/5,E:sus4/5,1,0,0,1,0
"Bb:(1,5)",Bb:5,1,0,0,1,0
"G#:(1,5)",G#:5,1,0,0,1,0
Bb:min(9),Bb:min(9),1,0,0,1,0
Eb:(1),Eb:maj,1,0,0,1,0
B:sus2,B:sus2,1,0,0,1,0
G#:(1),G#:maj,1,0,0,1,0
Ab/b7,Ab:maj/b7,1,0,0,1,0
"E:(1,b7)",E:maj,1,0,0,1,0
F:min/3,F:min/3,1,0,0,1,0
Db/7,Db:maj/7,1,0,0,1,0
G/4,G:maj/4,1,0,0,1,0
A:dim7/b3,A:dim7/b3,1,0,0,1,0
Bb/b7,Bb:maj/b7,1,0,0,1,0
Eb:maj(13),Eb:maj(13),1,0,0,1,0
Ab:(1),Ab:maj,1,0,0,1,0
Eb/4,Eb:maj/4,1,0,0,1,0
E:min/7,E:min/7,1,0,0,1,0
"D:(4,b7,9)",D:sus4(9),1,0,0,1,0
D/4,D:maj/4,1,0,0,1,0
G/6,G:maj/6,1,0,0,1,0
Bb:dim/5,Bb:dim/5,1,0,0,1,0
C#:min/6,C#:min/6,1,0,0,1,0
E:min7/4,E:min7/4,1,0,0,1,0
Db/#4,Db:maj/#4,1,0,0,1,0
D:min7/7,D:min7/7,1,0,0,1,0
C:min7/4,C:min7/4,1,0,0,1,0
Bb:7/2,Bb:7/2,1,0,0,1,0
G:(7),G:maj,1,0,0,1,0
G:(6),G:maj(6),1,0,0,1,0
G/b7,G:maj/b7,1,0,0,1,0
E/#4,E:maj/#4,1,0,0,1,0
"A:7(*5,13)","A:7(5,13)",1,0,0,1,0
F:maj9(*7),F:maj9(7),1,0,0,1,0
"G:(1,b3,4)/b3",G:min/b3,1,0,0,1,0
G:min(4),G:min(4),1,0,0,1,0
E:sus4(2),E:sus4(2),1,0,0,1,0
"E:(1,b7)/b7",E:maj/b7,1,0,0,1,0
"C#:(1,b3)",C#:min,1,0,0,1,0
"C#:(1,b3)/b3",C#:min/b3,1,0,0,1,0
"G:9(*3,11)","G:9(3,11)",1,0,0,1,0
E:min(*3)/5,E:min(3)/5,1,0,0,1,0
C#:maj7(*b5),C#:maj7(#11),1,0,0,1,0
E:min(*5)/b7,E:min(5)/b7,1,0,0,1,0
"F#:(1,4,b5)",F#:sus4,1,0,0,1,0
E:min(*b3)/5,E:min(b3)/5,1,0,0,1,0
C:maj7(*5),C:maj7(5),1,0,0,1,0
E:min7(*5)/b7,E:min7(5)/b7,1,0,0,1,0
"E:(1,2,5,b6)",E:sus2(b6),1,0,0,1,0
"Bb:(3,5,b7,#9,11,13)","Bb:7(#9,11,13)",1,0,0,0,1
"Eb:(3,5,b7,9,11,13)","Eb:7(9,11,13)",1,0,0,0,1
"Ab:(3,#5,b7,9)",Ab:aug(9),1,0,0,0,1
"Eb:(3,5,7,#9,#11)","Eb:maj7(#9,#11)",1,0,0,0,1
"Db:(3,5,7,9,#11)","Db:maj7(9,#11)",1,0,0,0,1
F:maj7/#4,F:maj7/#4,1,0,0,0,1
"Ab:(3,5,6,9)","Ab:maj(6,9)",1,0,0,0,1
"A:(3,5,b7,9,#11)","A:7(9,#11)",1,0,0,0,1
F:7/9,F:7/9,1,0,0,0,1
F:7/#4,F:7/#4,1,0,0,0,1
"A:(3,5,7,9,#11)/b1","A:maj7(9,#11)/b1",1,0,0,0,1
"Db:(b3,5,6,9)/5","Db:min(6,9)/5",1,0,0,0,1
"Db:(b3,5,6,9)/1","Db:min(6,9)/1",1,0,0,0,1
"Eb:(b3,5,b7,9,11)","Eb:min7(9,11)",1,0,0,0,1
"Db:(4,5,b7,9,11,13)","Db:sus4(9,11,13)",1,0,0,0,1
"G:(3,5,b7,#9,11,13)","G:7(#9,11,13)",1,0,0,0,1
"Ab:(3,#5,7)",Ab:aug,1,0,0,0,1
"Ab:(3,5,b7,9,11)","Ab:7(9,11)",1,0,0,0,1
"A#:(3,5,b7,b9)",A#:7(b9),1,0,0,0,1
"D#:(3,5,b7,9,11,13)","D#:7(9,11,13)",1,0,0,0,1
"C#:(4,5,b7,9)",C#:sus4(9),1,0,0,0,1
"Ab:(3,5,b7,9,11,13)","Ab:7(9,11,13)",1,0,0,0,1
"E:(4,5,b7,9)",E:sus4(9),1,0,0,0,1
"Eb:(3,#5,b7)",Eb:aug,1,0,0,0,1
"G:(b3,5,b7,b9)",G:min7(b9),1,0,0,0,1
"Eb:(3,5,6,9)","Eb:maj(6,9)",1,0,0,0,1
